Genes,Gene Clusters,Gene categories
Cdc45,G1,a
Igsf5,G1,a
Cdh4,G1,a
Rpa1,G1,a
Ddx3x,G1,a
Car4,G1,a
Hoxa4,G1,a
Uhrf1,G1,a
Ube2c,G1,a
Foxm1,G1,a
Tubb5,G1,a
Pwp1,G1,a
Aif1l,G1,a
Spag5,G1,a
Paxip1,G1,a
Dbf4,G1,a
Cse1l,G1,a
Chaf1a,G1,a
Dusp3,G1,a
Brd8,G1,a
Kif20a,G1,a
Dnmt1,G1,a
Utp20,G1,a
Coro1c,G1,a
Arid3b,G1,a
Lbr,G1,a
Spc25,G1,a
Mcm5,G1,a
Asf1b,G1,a
Ddx39,G1,a
Mthfd2,G1,a
Fbln1,G1,a
Gcat,G1,a
Cdc20,G1,a
Pola1,G1,a
Gmnn,G1,a
Aldh16a1,G1,a
Nutf2,G1,a
Tmem184b,G1,a
Bcl2l13,G1,a
Tnpo1,G1,a
Rnmt,G1,a
Kif11,G1,a
Cad,G1,a
E2f4,G1,a
Slc25a13,G1,a
Arnt2,G1,a
Anp32e,G1,a
Ncapg,G1,a
Nup50,G1,a
Brca1,G1,a
Cdc6,G1,a
Atad5,G1,a
Elmo2,G1,a
Birc5,G1,a
Wfdc2,G1,a
Mybl2,G1,a
Mtmr4,G1,a
Slc2a4,G1,a
Lhx1,G1,a
Arrb1,G1,a
Fbxo5,G1,a
Mical1,G1,a
Tube1,G1,a
Lama4,G1,a
Rtn4ip1,G1,a
Cdk1,G1,a
Tmpo,G1,a
Hbs1l,G1,a
Arg1,G1,a
Mtfr2,G1,a
Ddx21,G1,a
Ppa1,G1,a
Cand1,G1,a
Cnot2,G1,a
E2f7,G1,a
Csrp2,G1,a
Hmmr,G1,a
Rad50,G1,a
Pttg1,G1,a
Myl7,G1,a
Ska2,G1,a
Prr11,G1,a
Nampt,G1,a
Map2k6,G1,a
Rrm2,G1,a
Hnf1b,G1,a
Ftsj3,G1,a
Nup85,G1,a
Fam64a,G1,a
Hoxb9,G1,a
Aurkb,G1,a
Pfas,G1,a
Top2a,G1,a
Eftud2,G1,a
Mthfd1,G1,a
Clmn,G1,a
Pitrm1,G1,a
Otub2,G1,a
Cinp,G1,a
Eif5,G1,a
Xrcc3,G1,a
Amph,G1,a
Gli3,G1,a
Elovl2,G1,a
Cenpp,G1,a
Cep72,G1,a
Depdc1b,G1,a
Dhfr,G1,a
Emb,G1,a
Dnajc9,G1,a
Ska3,G1,a
Spata13,G1,a
Pbk,G1,a
Esco2,G1,a
Tars,G1,a
Brix1,G1,a
Rad21,G1,a
Shcbp1,G1,a
Sqle,G1,a
Atad2,G1,a
Gtse1,G1,a
Rangap1,G1,a
Fam118a,G1,a
Col2a1,G1,a
Bbx,G1,a
Nde1,G1,a
Tomm70a,G1,a
Umps,G1,a
Enah,G1,a
Tuba1b,G1,a
Racgap1,G1,a
Fhl1,G1,a
Scg5,G1,a
Cdca3,G1,a
Cenpq,G1,a
Sgol1,G1,a
Enpp4,G1,a
Arhgap28,G1,a
Ndc80,G1,a
Spast,G1,a
C3,G1,a
Hn1l,G1,a
Mapre2,G1,a
Cdc23,G1,a
Slmo1,G1,a
Psat1,G1,a
Incenp,G1,a
Fam111a,G1,a
Fen1,G1,a
Cdca5,G1,a
Kif20b,G1,a
Gldc,G1,a
Pola2,G1,a
Eif1ad,G1,a
Smc3,G1,a
Cep55,G1,a
Hells,G1,a
Aldh18a1,G1,a
Ccnj,G1,a
Alyref,G1,a
Limd1,G1,a
Prim1,G1,a
Tk1,G1,a
Phf6,G1,a
Tyms,G1,a
Plk4,G1,a
Nudt5,G1,a
Eya1,G1,a
Nif3l1,G1,a
Sgol2,G1,a
Tex30,G1,a
Plekhb2,G1,a
Prim2,G1,a
Rqcd1,G1,a
Xrcc5,G1,a
Farsb,G1,a
Pask,G1,a
Uck2,G1,a
Abl2,G1,a
Cenpf,G1,a
Eprs,G1,a
Nek2,G1,a
Suv39h2,G1,a
Dclre1c,G1,a
Sephs1,G1,a
Mcm10,G1,a
Nuf2,G1,a
Cenpl,G1,a
Dars2,G1,a
Mastl,G1,a
Ak1,G1,a
Notch1,G1,a
Sapcd2,G1,a
Pkp4,G1,a
Kif18a,G1,a
Nat10,G1,a
Myef2,G1,a
Lrp4,G1,a
Jag1,G1,a
Ubox5,G1,a
Nusap1,G1,a
Rad51,G1,a
Casc5,G1,a
Knstrn,G1,a
Pcna,G1,a
Mcm8,G1,a
Bub1,G1,a
Bcl2l11,G1,a
Polr1b,G1,a
Cst9,G1,a
Tpx2,G1,a
Aurka,G1,a
Sall4,G1,a
Dsn1,G1,a
Rbl1,G1,a
Pik3ca,G1,a
Actl6a,G1,a
Ect2,G1,a
Exosc9,G1,a
Ccna2,G1,a
Bche,G1,a
Kcnab1,G1,a
Sass6,G1,a
Kcnq5,G1,a
Cks1b,G1,a
Pmf1,G1,a
Iqgap3,G1,a
Cisd2,G1,a
Depdc1a,G1,a
Ccne2,G1,a
Rragd,G1,a
Smc2,G1,a
Pole3,G1,a
Ikbkap,G1,a
Epb4.1l4b,G1,a
Gba2,G1,a
Usp1,G1,a
Lrp8,G1,a
Ndc1,G1,a
Ctps,G1,a
Kif2c,G1,a
Stil,G1,a
Alpl,G1,a
Yars,G1,a
Cdca8,G1,a
Rpa2,G1,a
Inpp5b,G1,a
Ptpru,G1,a
Xrcc2,G1,a
Nol9,G1,a
Abcf2,G1,a
Cptp,G1,a
Pcdh7,G1,a
Tbc1d1,G1,a
Cenpa,G1,a
Tbc1d14,G1,a
Apbb2,G1,a
Cdc7,G1,a
Ibsp,G1,a
Rfc5,G1,a
Dck,G1,a
Kntc1,G1,a
Cit,G1,a
Hsph1,G1,a
Klhdc10,G1,a
Npy,G1,a
Cbx3,G1,a
Mad2l1,G1,a
Slc37a3,G1,a
Kbtbd8,G1,a
Nup210,G1,a
Golt1b,G1,a
Rad18,G1,a
Bcat1,G1,a
Sec13,G1,a
Cand2,G1,a
Mbd4,G1,a
Rad51ap1,G1,a
Zik1,G1,a
Zdhhc13,G1,a
Apba2,G1,a
Blm,G1,a
Hapln3,G1,a
Ddias,G1,a
Pde3b,G1,a
Kif22,G1,a
Pgm2l1,G1,a
Kdm8,G1,a
Rnf141,G1,a
Tial1,G1,a
Plk1,G1,a
Mki67,G1,a
Oraov1,G1,a
Cenpi,G1,a
Abcb7,G1,a
Dkc1,G1,a
Prps1,G1,a
Eri1,G1,a
Sall1,G1,a
Ap1g1,G1,a
Cenpn,G1,a
Crispld2,G1,a
Hsd11b2,G1,a
Cep57,G1,a
Aars,G1,a
Ppp2r1b,G1,a
Ccnb2,G1,a
Mns1,G1,a
Fem1b,G1,a
Kif23,G1,a
Fam219b,G1,a
Elovl5,G1,a
Gclc,G1,a
Plscr1,G1,a
Igdcc3,G1,a
Cdc25a,G1,a
Traip,G1,a
Chsy1,G1,a
Heyl,G1,a
Troap,G1,a
Rims3,G1,a
C330027C09Rik,G1,a
Ttf2,G1,a
Arid2,G1,a
Ttll4,G1,a
Slc35a4,G1,a
Wdr3,G1,a
Chst2,G1,a
Pcgf3,G1,a
Clec18a,G1,a
Smyd5,G1,a
Fndc3c1,G1,a
Aspm,G1,a
Fancd2,G1,a
Lsm3,G1,a
Kif4,G1,a
Trim59,G1,a
Brip1,G1,a
Smc4,G1,a
Neurl1b,G1,a
Six4,G1,a
Edil3,G1,a
Fras1,G1,a
BC030867,G1,a
Ncaph,G1,a
Ncapd3,G1,a
Slc24a5,G1,a
G2e3,G1,a
Pdzrn3,G1,a
Parpbp,G1,a
Crb2,G1,a
Fignl1,G1,a
Melk,G1,a
Supt16,G1,a
Prtg,G1,a
Zranb3,G1,a
Arhgap36,G1,a
BC027231,G1,a
Ska1,G1,a
Aaas,G1,a
Tubb4b,G1,a
Kif15,G1,a
Anln,G1,a
Plch1,G1,a
Dna2,G1,a
Ss18,G1,a
Clic4,G1,a
Tacc3,G1,a
Actr1b,G1,a
Dtl,G1,a
Dlgap5,G1,a
Wdhd1,G1,a
Ckap2,G1,a
Iars,G1,a
Igsf9,G1,a
Ccdc138,G1,a
Bend3,G1,a
Usp38,G1,a
Ncapd2,G1,a
Wdr36,G1,a
Tsr1,G1,a
Ttk,G1,a
Tfdp1,G1,a
Sv2a,G1,a
C1s1,G1,a
Car14,G1,a
Scube3,G1,a
Mboat1,G1,a
Prc1,G1,a
Eme1,G1,a
Cdc123,G1,a
Suv39h1,G1,a
Cdk5rap2,G1,a
Exosc2,G1,a
Neil3,G1,a
Prss23,G1,a
Nup133,G1,a
Bahcc1,G1,a
Exo1,G1,a
Xkr5,G1,a
Hip1,G1,a
Bub1b,G1,a
Cacna2d1,G1,a
Ckap5,G1,a
Phc1,G1,a
Siah1b,G1,a
Rcc2,G1,a
Sh3kbp1,G1,a
Wdr43,G1,a
Pif1,G1,a
Brca2,G1,a
Arhgap11a,G1,a
Wrap53,G1,a
Ccnb1,G1,a
Piezo2,G1,a
Cep78,G1,a
Kif14,G1,a
Rims1,G1,a
Ubr7,G1,a
Ncapg2,G1,a
Rassf4,G1,a
Clspn,G1,a
Hirip3,G1,a
Wdr55,G1,a
Obfc1,G1,a
Kcns3,G1,a
Nup62,G1,a
Cdc25c,G1,a
Hjurp,G1,a
Zfp367,G1,a
Cenph,G1,a
Cenpe,G1,a
Pou3f3,G1,a
Smtnl2,G1,a
Mms22l,G1,a
E2f8,G1,a
Ngfrap1,G1,a
Hnrnpa1,G1,a
Ticrr,G1,a
Foxc2,G1,a
Zfp41,G1,a
B3gnt1,G1,a
Mis18bp1,G1,a
Phf13,G1,a
Cdca4,G1,a
Prrg1,G1,a
Ldlrad3,G1,a
Gm4737,G1,a
Mcmbp,G1,a
Ckap2l,G1,a
Omd,G1,a
Rhno1,G1,a
Cdca2,G1,a
Ndnf,G1,a
Oxtr,G1,a
Zfp2,G1,a
Pls1,G1,a
Sall2,G1,a
Heatr1,G1,a
Slc29a4,G1,a
Zfp623,G1,a
Lin28a,G1,a
P4ha3,G1,a
Mb21d2,G1,a
Ercc6l,G1,a
Kif18b,G1,a
Hspa14,G1,a
Arhgef39,G1,a
Senp8,G1,a
BC068281,G1,a
Klf13,G1,a
Mogat2,G1,a
Nup107,G1,a
Sae1,G1,a
Mapk14,G1,a
Nudcd3,G1,a
Skida1,G1,a
Skp2,G1,a
Hmgb2,G1,a
Set,G1,a
Dsp,G1,a
Cpsf6,G1,a
Zkscan5,G1,a
Eif3b,G1,a
B4galt6,G1,a
Lig1,G1,a
Ttc26,G1,a
Espl1,G1,a
Abce1,G1,a
Tmod3,G1,a
C1qtnf3,G1,a
Skap2,G1,a
Zc3h4,G1,a
Eno3,G1,a
Rxfp3,G1,a
Tsga10,G1,a
Zfp143,G1,a
Mmgt1,G1,a
Hist1h4d,G1,a
Cep128,G1,a
Mdc1,G1,a
Btbd3,G1,a
Nsl1,G1,a
Tubb4a,G1,a
Ncs1,G1,a
Lrrc40,G1,a
Grm4,G1,a
Zfp35,G1,a
D630045J12Rik,G1,a
Lin28b,G1,a
Rab3ip,G1,a
Gm10184,G1,a
Bub3,G1,a
Clec16a,G1,a
Psrc1,G1,a
Syt11,G1,a
Zbtb34,G1,a
Hist1h2ae,G1,a
Fam57a,G1,a
Spdl1,G1,a
Ccnd1,G1,a
Trabd2b,G1,a
Rasgrp3,G1,a
Ptges3,G1,a
Cecr2,G1,a
Sms,G1,a
Ccnf,G1,a
Oip5,G1,a
Adh1,G1,a
Spc24,G1,a
Cpne1,G1,a
Qser1,G1,a
Fign,G1,a
Gm3550,G1,a
C030017K20Rik,G1,a
Haus5,G1,a
Pms2,G1,a
Trim71,G1,a
Seh1l,G1,a
Gm14226,G1,a
Pcp4,G1,a
Gypc,G1,a
Zfp712,G1,a
Bend4,G1,a
Pou3f2,G1,a
Noc2l,G1,a
Zfp850,G1,a
Hnrnpd,G2,a
Ilf2,G2,a
Cct3,G2,a
Kpnb1,G2,a
Cyp51,G2,a
Ccne1,G2,a
Prpf6,G2,a
Snrpd1,G2,a
Baz1b,G2,a
Mcm2,G2,a
Calr,G2,a
Pde1c,G2,a
Zfp324,G2,a
Crabp2,G2,a
Hnrnpa2b1,G2,a
Plekha8,G2,a
G6pc2,G2,a
Msh6,G2,a
Eif4g2,G2,a
Ranbp1,G2,a
Ptbp1,G2,a
Pole,G2,a
Zmiz1,G2,a
Ubqln4,G2,a
Dynll1,G2,a
Cbx5,G2,a
Fads1,G2,a
Igf2bp1,G2,a
Setdb1,G2,a
Skiv2l2,G2,a
Nelfcd,G2,a
E2f3,G2,a
Atxn10,G2,a
Eif3d,G2,a
Ywhab,G2,a
G3bp1,G2,a
Natd1,G2,a
Ddx39b,G2,a
Qrsl1,G2,a
Ddc,G2,a
Xpo1,G2,a
Rnf185,G2,a
Bzw2,G2,a
Gga3,G2,a
Pafah1b1,G2,a
Prpf8,G2,a
Myh10,G2,a
Dcakd,G2,a
Fkbp3,G2,a
Pnn,G2,a
Vipas39,G2,a
Vrk1,G2,a
Wars,G2,a
Hsp90aa1,G2,a
Dek,G2,a
Ddx46,G2,a
Golm1,G2,a
Rhobtb3,G2,a
Nsun2,G2,a
Hapln1,G2,a
Fgf10,G2,a
Bmp4,G2,a
Mapk1ip1l,G2,a
Tdrd3,G2,a
Rnf219,G2,a
Ajuba,G2,a
Cct5,G2,a
Pabpc1,G2,a
Cdh10,G2,a
Mtbp,G2,a
Rbx1,G2,a
Sept3,G2,a
Slc38a4,G2,a
Mcm4,G2,a
Rfc4,G2,a
Chaf1b,G2,a
Acat2,G2,a
Cdc5l,G2,a
Galnt14,G2,a
Srsf7,G2,a
Msh2,G2,a
Gfra3,G2,a
Dcp2,G2,a
Ddb1,G2,a
Tmem2,G2,a
Tnks2,G2,a
Sf3b2,G2,a
Stip1,G2,a
Eif3a,G2,a
Tubgcp2,G2,a
Pidd1,G2,a
Farp1,G2,a
Cbx2,G2,a
Eif4a3,G2,a
Cct8,G2,a
Creb1,G2,a
Hspd1,G2,a
Imp4,G2,a
Psmd1,G2,a
Ncl,G2,a
Epha4,G2,a
Ptma,G2,a
Nucks1,G2,a
Tada1,G2,a
Pax8,G2,a
Ssrp1,G2,a
Ccdc34,G2,a
Caprin1,G2,a
Api5,G2,a
Nop56,G2,a
Kif3b,G2,a
Mapre1,G2,a
Fabp5,G2,a
Lrrcc1,G2,a
Exosc8,G2,a
Smad9,G2,a
Gmps,G2,a
Ptbp2,G2,a
Anp32b,G2,a
Smu1,G2,a
Nasp,G2,a
Eif4g3,G2,a
Phc2,G2,a
Stmn1,G2,a
Gmeb1,G2,a
Epb4.1,G2,a
Dhx15,G2,a
Asphd2,G2,a
G3bp2,G2,a
Ran,G2,a
Cct6a,G2,a
Tes,G2,a
Ezh2,G2,a
Mcm7,G2,a
Calu,G2,a
Abcg2,G2,a
Igf2bp3,G2,a
Malsu1,G2,a
Gstk1,G2,a
Ift122,G2,a
Fkbp4,G2,a
Psmc4,G2,a
Ipo5,G2,a
Bccip,G2,a
Msn,G2,a
Pbdc1,G2,a
Pdha1,G2,a
Hcfc1,G2,a
Zcchc18,G2,a
Ankrd10,G2,a
Agpat6,G2,a
Rwdd4a,G2,a
Tmem184c,G2,a
N4bp1,G2,a
Orc6,G2,a
Gins2,G2,a
Gse1,G2,a
Kars,G2,a
Rdx,G2,a
Chek1,G2,a
Ilf3,G2,a
Bmp5,G2,a
Smarca4,G2,a
Polr2m,G2,a
Sh3bgrl2,G2,a
Ireb2,G2,a
Smarcc1,G2,a
Amotl2,G2,a
Pwp2,G2,a
Nup93,G2,a
Usp37,G2,a
Fam208b,G2,a
Cct2,G2,a
Zbed4,G2,a
Ice1,G2,a
Hmha1,G2,a
Tmem55b,G2,a
Apex1,G2,a
Arl5a,G2,a
Pphln1,G2,a
Rbmxl1,G2,a
Pacrg,G2,a
Nme1,G2,a
Hoxa9,G2,a
Rgs4,G2,a
Fam60a,G2,a
Mybbp1a,G2,a
Hmgn1,G2,a
Limd2,G2,a
Rfx3,G2,a
H2afv,G2,a
Smc1a,G2,a
Chd7,G2,a
Tardbp,G2,a
Mcm3,G2,a
Ipo9,G2,a
Git2,G2,a
D330045A20Rik,G2,a
Mapk6,G2,a
Tmem108,G2,a
Fmn1,G2,a
Hnrnph2,G2,a
Mc2r,G2,a
Hmga1,G2,a
Marcksl1,G2,a
Mlec,G2,a
Bex1,G2,a
Bzw1,G2,a
Pcdh19,G2,a
Nup160,G2,a
Spats2,G2,a
Rnf26,G2,a
Pom121,G2,a
Cggbp1,G2,a
Pgbd1,G2,a
Cdca7,G2,a
Npm1,G2,a
Rrp1b,G2,a
Rpl5,G2,a
Nap1l1,G2,a
Hnrnpm,G2,a
Prmt7,G2,a
Rnf14,G2,a
Gm10093,G2,a
Phf5a,G2,a
Hipk2,G2,a
Nmral1,G2,a
Ptcd3,G2,a
Gm7964,G2,a
Fbln2,G2,a
Hmgb1,G2,a
Tcp1,G2,a
Epc2,G2,a
Peg12,G2,a
Tbpl1,G2,a
Rbm15b,G2,a
Zfp568,G2,a
Raet1d,G2,a
Vps25,G2,a
Eif5a,G2,a
Alkbh1,G2,a
Zfp493,G2,a
Gm20390,G2,a
Peg10,G2,a
Luzp1,G3,a
Efnb2,G3,a
Tubb6,G3,a
Meox1,G3,a
Hoxc8,G3,a
Sept7,G3,a
Ltbp1,G3,a
Adprh,G3,a
Snrnp200,G3,a
Ptpn6,G3,a
Pgf,G3,a
Nes,G3,a
Tbl2,G3,a
Mef2c,G3,a
Runx1t1,G3,a
Aplp1,G3,a
Ddah2,G3,a
Ankrd26,G3,a
Slc38a3,G3,a
Etv5,G3,a
Aldh1a2,G3,a
St3gal1,G3,a
Clip3,G3,a
Csf1,G3,a
Gata2,G3,a
Gata5,G3,a
Adamtsl4,G3,a
Fli1,G3,a
Rnd3,G3,a
Med24,G3,a
Top2b,G3,a
Rarb,G3,a
Gpx3,G3,a
Vezf1,G3,a
Cbx1,G3,a
Sema6a,G3,a
Lyst,G3,a
Frk,G3,a
Atp2b1,G3,a
Poc1b,G3,a
Dusp6,G3,a
Enpp3,G3,a
Tmcc3,G3,a
Unc5b,G3,a
Meis1,G3,a
Cobl,G3,a
Grb10,G3,a
Nav3,G3,a
Adarb1,G3,a
Sumo3,G3,a
Nsg2,G3,a
Efemp1,G3,a
Id2,G3,a
Dnmt3a,G3,a
Cacng4,G3,a
Tshz3,G3,a
Ppp1r13b,G3,a
Gcnt2,G3,a
Ssr1,G3,a
Fam213a,G3,a
Nid2,G3,a
Hmbox1,G3,a
Nefl,G3,a
Ednrb,G3,a
Angpt1,G3,a
Osr2,G3,a
Adamts20,G3,a
Hoxc5,G3,a
Cblb,G3,a
B3gnt5,G3,a
Popdc2,G3,a
Cxadr,G3,a
Adamts1,G3,a
Wrb,G3,a
Slc22a3,G3,a
Igf2r,G3,a
Smoc2,G3,a
Ehd3,G3,a
Rhoq,G3,a
Slc39a6,G3,a
Psd2,G3,a
Hbegf,G3,a
Pcsk5,G3,a
Dach2,G3,a
Klhl4,G3,a
Bach1,G3,a
Crispld1,G3,a
Nrp1,G3,a
Fn1,G3,a
Kif26b,G3,a
Vangl2,G3,a
Lpgat1,G3,a
Rgs5,G3,a
Gpsm1,G3,a
Frzb,G3,a
Itga4,G3,a
Lrp2,G3,a
Meis2,G3,a
Mdk,G3,a
Pag1,G3,a
Zdbf2,G3,a
Car3,G3,a
Ntsr1,G3,a
Mecom,G3,a
Rab33b,G3,a
Vangl1,G3,a
Ndst3,G3,a
Sfrp2,G3,a
Pitx2,G3,a
Ecm1,G3,a
Brinp1,G3,a
Glipr2,G3,a
Hgf,G3,a
Draxin,G3,a
Cd38,G3,a
Prom1,G3,a
Hpgds,G3,a
Slc6a6,G3,a
Dennd5b,G3,a
Rrm1,G3,a
Tub,G3,a
Sh3bgrl,G3,a
Il2rg,G3,a
Ap1s2,G3,a
Fgfr1,G3,a
Rbpms,G3,a
Pcm1,G3,a
Msmo1,G3,a
Tpm4,G3,a
BC021891,G3,a
Bmper,G3,a
Tagln,G3,a
Tmod2,G3,a
Thsd4,G3,a
Crabp1,G3,a
Tpm1,G3,a
Plod2,G3,a
Tbx18,G3,a
Syncrip,G3,a
Abhd5,G3,a
Topbp1,G3,a
Prkar2a,G3,a
Thsd7a,G3,a
Exd2,G3,a
Psmf1,G3,a
Phldb2,G3,a
Lpp,G3,a
Rbfox2,G3,a
Lrrc58,G3,a
Gjc1,G3,a
Ppm1h,G3,a
Dbn1,G3,a
Cnot6l,G3,a
Acot11,G3,a
Fam151a,G3,a
Ror1,G3,a
Rnf38,G3,a
Lysmd3,G3,a
Myrf,G3,a
Gxylt1,G3,a
Cdh8,G3,a
Alx1,G3,a
Spry1,G3,a
Vash2,G3,a
H2afz,G3,a
Ptpdc1,G3,a
Ccdc50,G3,a
Stox2,G3,a
Notch3,G3,a
Spon1,G3,a
Hoxa7,G3,a
Hoxa5,G3,a
Dennd2a,G3,a
Ensa,G3,a
Creb3l2,G3,a
Pbx3,G3,a
Zfhx3,G3,a
Cdh6,G3,a
Zdhhc2,G3,a
Ncam1,G3,a
Negr1,G3,a
Ankrd6,G3,a
Cdh18,G3,a
Pitpnc1,G3,a
Pogk,G3,a
Sh3pxd2b,G3,a
Grid1,G3,a
Kif21b,G3,a
Kirrel,G3,a
Shisa4,G3,a
Gpr45,G3,a
Ssh1,G3,a
Tmc7,G3,a
Isl1,G3,a
Agps,G3,a
Klhl14,G3,a
Asb4,G3,a
Nrep,G3,a
Gng2,G3,a
Adamts3,G3,a
S1pr2,G3,a
Fam19a2,G3,a
Ackr3,G3,a
Cxxc4,G3,a
Asxl3,G3,a
Zfp423,G3,a
B230219D22Rik,G3,a
Zfp62,G3,a
Vat1l,G3,a
Cd24a,G3,a
Gpr85,G3,a
F2r,G3,a
Socs4,G3,a
Osr1,G3,a
Efna5,G3,a
Nr1h5,G3,a
Shisa3,G3,a
Pigm,G3,a
Fzd2,G3,a
Foxc1,G3,a
Zfp61,G3,a
Olfml1,G3,a
Flrt3,G3,a
Sox12,G3,a
Zfp608,G3,a
Nrk,G3,a
Prkg1,G3,a
Adamts18,G3,a
Ndst1,G3,a
Ercc6,G3,a
Lifr,G3,a
Kcnmb4,G3,a
Ntrk2,G3,a
Gpc3,G3,a
Grik2,G3,a
Gm9990,G3,a
Slit3,G3,a
Hmga2,G3,a
Tsnax,G3,a
Gulp1,G3,a
Ebf1,G3,a
Ado,G3,a
Whsc1,G3,a
Mex3b,G3,a
Mab21l2,G3,a
Gpc6,G3,a
Ntrk3,G3,a
Zfp422,G3,a
Unc5c,G3,a
Ntm,G3,a
Zfp266,G3,a
Lsamp,G3,a
Cxcl12,G3,a
Lppr1,G3,a
Unc5d,G3,a
Sox11,G3,a
Capn6,G3,a
S1pr3,G3,a
Actc1,G3,a
Flnc,G3,a
Sort1,G3,a
Nr2f1,G3,a
Tmem100,G3,a
Art5,G3,a
Mn1,G3,a
Mcc,G3,a
Tuba1a,G3,a
Mex3a,G3,a
Fat3,G3,a
Mafb,G3,a
Zcchc3,G3,a
Gas2l3,G3,a
Fibin,G3,a
Rprm,G3,a
Foxd1,G3,a
Ctdsp2,G3,a
Rad54b,G3,a
Nhsl2,G3,a
Hoxa3,G3,a
Pabpc4l,G3,a
Synj2bp,G3,a
Gm20489,G3,a
D430019H16Rik,G3,a
Cldn15,G4,a
Ulk2,G4,a
Tcf23,G4,a
Mcu,G4,a
Cd83,G4,a
Fam163a,G4,a
Scrn1,G4,a
Sgk1,G4,a
Mybpc1,G4,a
Pbld1,G4,a
Krt19,G4,a
A530054K11Rik,G4,a
Txndc16,G4,a
Nefm,G4,a
Tiam2,G4,a
Astn1,G4,a
Acss1,G4,a
Stx16,G4,a
Pdgfc,G4,a
Etnk1,G4,a
Col4a6,G4,a
Col4a5,G4,a
Gpm6a,G4,a
Cbln1,G4,a
Acat1,G4,a
Plscr2,G4,a
Dpp4,G4,a
Pcdh17,G4,a
Zcchc12,G4,a
Frem2,G4,a
Susd4,G4,a
Trps1,G4,a
Ajap1,G4,a
Adam22,G4,a
Fmod,G4,a
Cpa6,G4,a
Kctd21,G4,a
Diras2,G4,a
Fut4,G4,a
Tenm2,G4,a
Upk1b,G4,a
Hoxd10,G4,a
Crebzf,G4,a
Ctif,G4,a
Spock3,G4,a
Phactr1,G4,a
Zfp458,G4,a
Col25a1,G4,a
Nrsn2,G4,a
Nhs,G4,a
Mgam,G4,a
Scn2b,G4,a
Mansc4,G4,a
E030010N08Rik,G4,a
Gna12,G5,b
Tbrg4,G5,b
Hk2,G5,b
Peg3,G5,b
Prkd1,G5,b
Ctnnb1,G5,b
Bmp7,G5,b
Ubp1,G5,b
Sugp1,G5,b
Tvp23b,G5,b
Gdi1,G5,b
Srf,G5,b
Med22,G5,b
Lbp,G5,b
Igfbp4,G5,b
Cyb5r3,G5,b
Utrn,G5,b
Slc16a10,G5,b
Nedd1,G5,b
Sgpl1,G5,b
Slc1a4,G5,b
Pfkl,G5,b
Rnf187,G5,b
Ankfy1,G5,b
Aldh6a1,G5,b
Auh,G5,b
Akap11,G5,b
Ank,G5,b
Oxr1,G5,b
Zhx1,G5,b
Ttll1,G5,b
Top3b,G5,b
Tpi1,G5,b
Ndufaf7,G5,b
Zfp521,G5,b
Hdac3,G5,b
Slc29a2,G5,b
Maoa,G5,b
Ric8,G5,b
Copg2,G5,b
Mfsd8,G5,b
Slc39a10,G5,b
Mcm6,G5,b
Lamc1,G5,b
Stam,G5,b
Abi2,G5,b
Gpd2,G5,b
Pmpca,G5,b
Nckap1,G5,b
Ssfa2,G5,b
Ube2e3,G5,b
Dhx35,G5,b
Ift80,G5,b
Extl2,G5,b
Cth,G5,b
Epha7,G5,b
Bnc2,G5,b
Cc2d1b,G5,b
Pnrc2,G5,b
Pgd,G5,b
Golga3,G5,b
Wipi2,G5,b
Arpc1a,G5,b
Svopl,G5,b
Trim24,G5,b
Frmd4b,G5,b
Mfge8,G5,b
Arl6ip1,G5,b
Otud5,G5,b
Flna,G5,b
Plat,G5,b
Cgnl1,G5,b
Ice2,G5,b
Pkm,G5,b
Qars,G5,b
Usp4,G5,b
Gtf3c1,G5,b
Cdc14b,G5,b
Igf2bp2,G5,b
Zfp446,G5,b
Zfp551,G5,b
Cdkn1c,G5,b
Pde4dip,G5,b
Jarid2,G5,b
Fam102a,G5,b
Alkbh4,G5,b
Rbms2,G5,b
Bcor,G5,b
Plekhh2,G5,b
Spidr,G5,b
Inpp5f,G5,b
Dmtf1,G5,b
Id1,G5,b
Dpy19l3,G5,b
Trp53bp1,G5,b
Gphn,G5,b
Igf2,G5,b
Mest,G5,b
Tbc1d22a,G5,b
Cdc42se2,G5,b
A430033K04Rik,G5,b
Eno1b,G5,b
Ssbp3,G5,b
Atp11c,G5,b
Ldha,G5,b
Eno1,G5,b
Cd244,G6,c
Nuak2,G6,c
Pls3,G6,c
Tshr,G6,c
Gadd45g,G6,c
Trpc7,G6,c
Dmrt1,G6,c
Pnliprp2,G6,c
Adam8,G6,c
Slc15a1,G6,c
Sphkap,G6,c
Syt13,G6,c
Tgm3,G6,c
Fam198b,G6,c
Ptgr1,G6,c
Orc1,G6,c
Ccdc30,G6,c
Fkbp9,G6,c
Oca2,G6,c
Siglecg,G6,c
Chrdl2,G6,c
Glt28d2,G6,c
Ctrl,G6,c
Adamts8,G6,c
Cyp11a1,G6,c
Vav3,G6,c
Pcdh11x,G6,c
Cerk,G6,c
Chst4,G6,c
Aff3,G6,c
Nmur2,G6,c
Gpr160,G6,c
Dsel,G6,c
Siglecf,G6,c
Gpatch2,G6,c
Gpr37,G6,c
Gbp5,G6,c
Pitpnm3,G6,c
Gk5,G6,c
Pkp2,G6,c
Pnliprp1,G6,c
Rasef,G6,c
Sstr3,G6,c
Gpr20,G6,c
Pnlip,G6,c
Mc4r,G6,c
Utf1,G6,c
Rimkla,G6,c
Clec4a1,G6,c
Lgr4,G6,c
Pcdh20,G6,c
Tmem171,G6,c
Cpne8,G6,c
Zfp112,G6,c
Cpa1,G6,c
Ctnna3,G6,c
Myl1,G6,c
Klk1,G6,c
Cbln4,G6,c
Cntnap5a,G6,c
Nup62cl,G6,c
Slitrk1,G6,c
eGFP,G7,c
Scmh1,G7,c
Drp2,G7,c
Comt,G7,c
Rnd2,G7,c
Acp5,G7,c
Ubl3,G7,c
Zim1,G7,c
Abhd3,G7,c
Axl,G7,c
Cd97,G7,c
Klf4,G7,c
Nfat5,G7,c
Psap,G7,c
Ndrg1,G7,c
Kit,G7,c
Reep5,G7,c
Cpt1c,G7,c
Taf7l,G7,c
Elmo3,G7,c
Wt1,G7,c
Pacsin2,G7,c
Sulf1,G7,c
Plxdc1,G7,c
Mrm1,G7,c
Fdxr,G7,c
Dnah1,G7,c
Lhx9,G7,c
Actr6,G7,c
Uhrf1bp1l,G7,c
Micu1,G7,c
Srgap1,G7,c
D10Wsu102e,G7,c
Trappc12,G7,c
Fbxl20,G7,c
Serpina1f,G7,c
Smoc1,G7,c
Ppp4r4,G7,c
Papln,G7,c
Numb,G7,c
Angel1,G7,c
Mtr,G7,c
Dapk1,G7,c
Glrx,G7,c
Ptprg,G7,c
Kat6b,G7,c
Gata4,G7,c
Tdh,G7,c
Rgcc,G7,c
Bmp1,G7,c
Dct,G7,c
Pdzd2,G7,c
Slc22a17,G7,c
Laptm4b,G7,c
Parvb,G7,c
Tmem44,G7,c
Rogdi,G7,c
Itgb5,G7,c
Clcn2,G7,c
Tmem50b,G7,c
Ifnar1,G7,c
Faim2,G7,c
Slc11a2,G7,c
Calcoco1,G7,c
Cdkn1a,G7,c
Tulp2,G7,c
Esco1,G7,c
Aldh1a7,G7,c
Bad,G7,c
Nr0b1,G7,c
R3hcc1l,G7,c
Ifitm1,G7,c
Podxl,G7,c
Pfkfb4,G7,c
Rab40c,G7,c
Hadha,G7,c
Homer2,G7,c
Myo5b,G7,c
Klf7,G7,c
Cflar,G7,c
Dst,G7,c
Rhbdd1,G7,c
Ptpn4,G7,c
Fam129a,G7,c
Vim,G7,c
Nr5a1,G7,c
Gsn,G7,c
Sp3,G7,c
Sema6d,G7,c
Bmp2,G7,c
Hdc,G7,c
Usp8,G7,c
Cst8,G7,c
Pdrg1,G7,c
Chrna4,G7,c
Epb4.1l1,G7,c
Pld1,G7,c
Dclk1,G7,c
Wwtr1,G7,c
Etfdh,G7,c
Serpini1,G7,c
Lef1,G7,c
Dnajb4,G7,c
Lphn2,G7,c
Dab1,G7,c
Ttc39a,G7,c
Ppt1,G7,c
Pik3r3,G7,c
Pomgnt1,G7,c
Mknk1,G7,c
Rspo1,G7,c
Sema3a,G7,c
Casp9,G7,c
Slc2a5,G7,c
Gabra4,G7,c
Nos1,G7,c
Naaa,G7,c
Pxn,G7,c
Rasl11a,G7,c
Gxylt2,G7,c
A2m,G7,c
Atf7ip,G7,c
Lrmp,G7,c
Pglyrp1,G7,c
Plin1,G7,c
Rasgrp4,G7,c
Fam98c,G7,c
Acan,G7,c
Adm,G7,c
Bag3,G7,c
Fgfr2,G7,c
Stim1,G7,c
St5,G7,c
Cdk16,G7,c
Elf4,G7,c
Atp2b3,G7,c
Plxna3,G7,c
Rnf128,G7,c
Rasa3,G7,c
Gab1,G7,c
Coq9,G7,c
Mmp15,G7,c
Tmem38a,G7,c
Map1lc3b,G7,c
Dixdc1,G7,c
Neo1,G7,c
Ctsh,G7,c
Snx14,G7,c
Stt3b,G7,c
Bsn,G7,c
Nicn1,G7,c
Ablim3,G7,c
Mycbp2,G7,c
Tbc1d4,G7,c
Slc35d2,G7,c
Wnt6,G7,c
Ptprf,G7,c
Dnm2,G7,c
Tmem35,G7,c
Pank1,G7,c
Pqlc1,G7,c
Dhrs11,G7,c
Zfp661,G7,c
Sec31a,G7,c
Tab3,G7,c
Aldh1b1,G7,c
Frmpd1,G7,c
Ttc38,G7,c
Dock4,G7,c
Fmnl2,G7,c
Colec12,G7,c
Rmdn2,G7,c
Wnt4,G7,c
Best1,G7,c
Atg14,G7,c
Shank2,G7,c
Tob1,G7,c
Nr0b2,G7,c
Lphn3,G7,c
Rgs22,G7,c
Xkr8,G7,c
Pcdh18,G7,c
Gcc2,G7,c
Tapbpl,G7,c
Iffo1,G7,c
Fbxo25,G7,c
Olfml2b,G7,c
Man2a2,G7,c
Tspyl5,G7,c
Tbc1d25,G7,c
Stx11,G7,c
Tnrc18,G7,c
Cntn5,G7,c
Usp53,G7,c
Cited2,G7,c
Rab11fip2,G7,c
Maob,G7,c
Ccdc114,G7,c
Ccbl2,G7,c
Wdr47,G7,c
Cdh12,G7,c
Chrm4,G7,c
Igsf23,G7,c
Trim62,G7,c
Pcf11,G7,c
Klhl23,G7,c
Pm20d1,G7,c
Gm5617,G7,c
Fam83g,G7,c
Thsd7b,G7,c
Serpinb6b,G7,c
Zfp866,G7,c
Ncmap,G7,c
Emx2,G7,c
Shisa2,G7,c
Zbtb7c,G7,c
Zfp612,G7,c
Zc2hc1c,G7,c
Magi1,G7,c
Hs6st1,G7,c
Mettl24,G7,c
Zfp36l2,G7,c
Nqo2,G7,c
Frmd6,G7,c
Msx1,G7,c
Elfn1,G7,c
Bmyc,G7,c
Zfp672,G7,c
Lypd6,G7,c
Fam118b,G7,c
Gprc5c,G7,c
Rab11fip5,G7,c
Cox6b2,G7,c
Reep1,G7,c
Kdm3a,G7,c
Vmac,G7,c
Gabrg3,G7,c
Zfp811,G7,c
Zfp277,G7,c
Pla2g4a,G7,c
Rlim,G7,c
Acbd4,G7,c
Nxf3,G7,c
Abat,G7,c
Zfp846,G7,c
Kcnt1,G7,c
Sohlh1,G7,c
Cd2ap,G7,c
Rapgef2,G7,c
Gm10118,G7,c
Acadm,G7,c
Med14,G7,c
Ifitm7,G7,c
Trmt2b,G7,c
Zfp563,G7,c
Myl9,G7,c
Arfgef1,G7,c
Shroom4,G7,c
Efcab1,G7,c
Selenbp1,G7,c
Ctxn3,G7,c
Etnk2,G7,c
Cpa2,G7,c
Cep170b,G7,c
Ces1h,G7,c
Ccdc61,G7,c
Ttc30b,G7,c
Hsbp1l1,G7,c
Col22a1,G7,c
D130040H23Rik,G7,c
Pigb,G7,c
Ctsf,G7,c
Wipf3,G7,c
Tmem102,G7,c
DST,G7,c
AC123072.1,G7,c
Tspan32,G8,c
Trim25,G8,c
Egfl6,G8,c
Fndc5,G8,c
Gstt3,G8,c
Tspan33,G8,c
Rin2,G8,c
Capns1,G8,c
Folr1,G8,c
Kcnh6,G8,c
Stat6,G8,c
Arrdc2,G8,c
Apoe,G8,c
Edar,G8,c
Pld3,G8,c
Crot,G8,c
Dnase2a,G8,c
Nqo1,G8,c
Elovl1,G8,c
Cyba,G8,c
Slc4a3,G8,c
Cav1,G8,c
Zfp655,G8,c
Cers4,G8,c
Kcnq1,G8,c
Apobec3,G8,c
Exoc3l2,G8,c
Cdh23,G8,c
Aldh1a3,G8,c
Gadd45b,G8,c
Aldoc,G8,c
Ypel2,G8,c
Chtf18,G8,c
Gdpd2,G8,c
Tmc4,G8,c
Cfap54,G8,c
Lgr5,G8,c
Dock2,G8,c
Rnf130,G8,c
Ern1,G8,c
Pld2,G8,c
Doc2b,G8,c
Npas3,G8,c
Sptlc2,G8,c
Ryr2,G8,c
Pde8b,G8,c
Vcl,G8,c
Dnajc15,G8,c
Slc25a32,G8,c
Sybu,G8,c
Hes1,G8,c
Grina,G8,c
Cldn26,G8,c
Mfi2,G8,c
Runx1,G8,c
Nr4a1,G8,c
Rgn,G8,c
Vwa5a,G8,c
Tmem176a,G8,c
Slc17a9,G8,c
Pde10a,G8,c
Spats1,G8,c
Abcg1,G8,c
Eif2ak2,G8,c
Pja2,G8,c
Rgs11,G8,c
Itfg3,G8,c
Aldh3b1,G8,c
Prdx5,G8,c
Add3,G8,c
Sema4g,G8,c
Sfxn3,G8,c
Sat1,G8,c
Myo1a,G8,c
Gng13,G8,c
Chit1,G8,c
Atp1b1,G8,c
Optn,G8,c
Lypd6b,G8,c
Olfm1,G8,c
Uap1l1,G8,c
Ube2l6,G8,c
Cd82,G8,c
Tspan18,G8,c
Itpka,G8,c
Slc23a2,G8,c
Rasgrp1,G8,c
Cst12,G8,c
Snph,G8,c
Necab3,G8,c
Hps3,G8,c
Samhd1,G8,c
Wnt2b,G8,c
Slc16a4,G8,c
Dram2,G8,c
Slc50a1,G8,c
Efna1,G8,c
Ndst4,G8,c
Rorc,G8,c
Manba,G8,c
Calb1,G8,c
Cpne3,G8,c
Gbp2,G8,c
Car9,G8,c
Edn2,G8,c
Arhgef19,G8,c
Gabrb1,G8,c
Klhl8,G8,c
Agpat9,G8,c
Prkg2,G8,c
Aacs,G8,c
Aass,G8,c
Gcc1,G8,c
Dync1i1,G8,c
Plxna4,G8,c
Pcyox1,G8,c
Slc41a3,G8,c
Bhlhe41,G8,c
Ltbr,G8,c
Ctsc,G8,c
Pycard,G8,c
Trim66,G8,c
Ano1,G8,c
Ctps2,G8,c
Fam3a,G8,c
Kcnu1,G8,c
Isx,G8,c
Sorbs2,G8,c
Irx3,G8,c
Mt2,G8,c
Hsd17b2,G8,c
Slc37a2,G8,c
Tcf12,G8,c
Nr2e3,G8,c
Nmnat3,G8,c
Cish,G8,c
Rbm5,G8,c
Lrig2,G8,c
Pygb,G8,c
Lmo7,G8,c
Tnxb,G8,c
Palmd,G8,c
Ogt,G8,c
Rnf43,G8,c
Slc41a2,G8,c
Ssh3,G8,c
Ly6d,G8,c
Lrrn1,G8,c
Tle6,G8,c
Fam214a,G8,c
Sidt2,G8,c
Arl4d,G8,c
Tmem106a,G8,c
Krt20,G8,c
Rnase1,G8,c
Mbnl3,G8,c
Lzts1,G8,c
Csgalnact1,G8,c
Decr2,G8,c
Klhl13,G8,c
Hspb6,G8,c
Paqr7,G8,c
Cib2,G8,c
Mavs,G8,c
Ppm1k,G8,c
Egr2,G8,c
Dennd4c,G8,c
Ormdl3,G8,c
Pcp4l1,G8,c
Anpep,G8,c
BC017643,G8,c
Mettl20,G8,c
Magi2,G8,c
Trim7,G8,c
Abhd11,G8,c
Tex2,G8,c
Wbscr27,G8,c
Apoc1,G8,c
Bace2,G8,c
Creg1,G8,c
Pla2g5,G8,c
Phf8,G8,c
Ak7,G8,c
Smpx,G8,c
Ccdc64,G8,c
Klf8,G8,c
Slc39a11,G8,c
Tspo,G8,c
Gpr155,G8,c
Abhd14b,G8,c
Kank3,G8,c
Adora1,G8,c
Arrdc4,G8,c
Nmnat2,G8,c
Exoc3l,G8,c
Lgals2,G8,c
Als2cl,G8,c
S100a1,G8,c
Wdr72,G8,c
S1pr1,G8,c
Kcng4,G8,c
Dcaf12l1,G8,c
Hepacam,G8,c
Gprc5a,G8,c
Gchfr,G8,c
Hs3st3a1,G8,c
Bcl11b,G8,c
Syngr2,G8,c
Sacs,G8,c
Ccdc57,G8,c
Agtr1a,G8,c
Krt8,G8,c
Adamts16,G8,c
Tmsb4x,G8,c
Tdrp,G8,c
Ppp1r3g,G8,c
Hs3st1,G8,c
Irf2bp2,G8,c
Gnpda1,G8,c
D630039A03Rik,G8,c
Sema5b,G8,c
Nav2,G8,c
Zmat1,G8,c
Cyp2f2,G8,c
Lgals7,G8,c
Ech1,G8,c
Vsnl1,G8,c
Klhl5,G8,c
Sugct,G8,c
Pld5,G8,c
Pgpep1,G8,c
Pign,G8,c
Ero1lb,G8,c
Adamts17,G8,c
Pde1a,G8,c
Atp8b4,G8,c
Pcnxl2,G8,c
Pyroxd2,G8,c
Zfp868,G8,c
Tnfrsf19,G8,c
Marf1,G8,c
Kcnd2,G8,c
Ddhd2,G8,c
Stx17,G8,c
Akr1b10,G8,c
Zfp677,G8,c
Parp10,G8,c
Aox3,G8,c
Ap5s1,G8,c
Gstm6,G8,c
Cgn,G8,c
Sat2,G8,c
Fam196b,G8,c
Hs3st3b1,G8,c
Cited4,G8,c
Gm46,G8,c
Zcchc16,G8,c
Arhgdig,G8,c
Crygb,G8,c
Sh3d21,G8,c
Peak1,G8,c
Wfdc6a,G8,c
Tspyl3,G8,c
Gm11744,G8,c
Atp6ap1l,G8,c
Ackr4,G8,c
Clec2l,G8,c
Mia,G8,c
Gm8113,G8,c
Acad11,G8,c
Galnt1,G9,d
Lsr,G9,d
Stk38l,G9,d
Mov10,G9,d
Akap8l,G9,d
Nosip,G9,d
Atp6v1f,G9,d
Stxbp2,G9,d
Por,G9,d
Gata6,G9,d
Ergic3,G9,d
Inpp5k,G9,d
Atp6v1b2,G9,d
Tmem147,G9,d
Tspan31,G9,d
Ubc,G9,d
Vdac3,G9,d
Vav2,G9,d
Zdhhc12,G9,d
Slc12a7,G9,d
Vmp1,G9,d
Derl2,G9,d
Acadvl,G9,d
Rad51d,G9,d
Isyna1,G9,d
Snx3,G9,d
Kitl,G9,d
Tmbim4,G9,d
Prmt2,G9,d
Tns3,G9,d
Arsg,G9,d
Cpd,G9,d
Scrn2,G9,d
Gtf2a1,G9,d
Ralgapa1,G9,d
Med10,G9,d
Tkt,G9,d
Dpysl2,G9,d
Psme1,G9,d
Rrm2b,G9,d
Litaf,G9,d
Atp13a3,G9,d
Fopnl,G9,d
Yars2,G9,d
Tmbim6,G9,d
Prr13,G9,d
Ccndbp1,G9,d
Vapa,G9,d
Eci1,G9,d
Me2,G9,d
Sall3,G9,d
Prdx3,G9,d
Dclre1a,G9,d
Btrc,G9,d
Asl,G9,d
Rb1cc1,G9,d
Idh1,G9,d
Acadl,G9,d
Dbi,G9,d
Cdc42bpa,G9,d
Ralgps2,G9,d
Phyh,G9,d
Ttc17,G9,d
Ehd4,G9,d
Ivd,G9,d
Nfs1,G9,d
Mccc1,G9,d
Schip1,G9,d
Dnaja1,G9,d
Vcp,G9,d
Echdc2,G9,d
Tmem59,G9,d
Prdx1,G9,d
Slc4a2,G9,d
Cdk5,G9,d
Acox3,G9,d
Mad1l1,G9,d
Ndufa4,G9,d
Pan3,G9,d
Asns,G9,d
Hibadh,G9,d
Ldhb,G9,d
Mrps11,G9,d
Aldoa,G9,d
Bcat2,G9,d
Oat,G9,d
Lhpp,G9,d
Pgap2,G9,d
Atp6ap2,G9,d
Usp9x,G9,d
Cul4b,G9,d
Abcd1,G9,d
Rab27a,G9,d
Apeh,G9,d
Srxn1,G9,d
Abcc10,G9,d
Fbxo21,G9,d
D930015E06Rik,G9,d
Ctnnd1,G9,d
Tiparp,G9,d
Tmub2,G9,d
Grhpr,G9,d
Cnot1,G9,d
Dennd3,G9,d
Trmt12,G9,d
Grhl3,G9,d
Kdm6a,G9,d
Fbxo27,G9,d
F11r,G9,d
Cul7,G9,d
Ctnnal1,G9,d
Rreb1,G9,d
AW209491,G9,d
Htatip2,G9,d
Ypel5,G9,d
Abhd4,G9,d
Arhgap12,G9,d
Tuba1c,G9,d
Upf2,G9,d
Ccnjl,G9,d
Gemin7,G9,d
Trrap,G9,d
Sh3tc2,G9,d
Wnk1,G9,d
Lyrm4,G9,d
Mtfr1l,G9,d
Tmx2,G9,d
Vamp8,G9,d
Rap1b,G9,d
Sh2d4a,G9,d
Adam10,G9,d
Mta3,G9,d
Cryzl1,G9,d
Map2k5,G9,d
Zfp958,G9,d
Hadhb,G9,d
Stk24,G9,d
Gpx1,G9,d
Mpzl3,G9,d
Rnf213,G9,d
Rbm47,G9,d
Uqcc3,G9,d
Ubxn1,G9,d
Polr2g,G9,d
Spint2,G9,d
Psme2b,G9,d
Gm21983,G9,d
Gm28635,G9,d
SCHIP1,G9,d
Tmem25,G10,d
Irf9,G10,d
Map2k7,G10,d
Cdkn1b,G10,d
Insig2,G10,d
Gstm7,G10,d
Stat3,G10,d
Slc25a18,G10,d
Shbg,G10,d
Mid1ip1,G10,d
Mgst1,G10,d
Nfe2l2,G10,d
Cacna1d,G10,d
Rab3d,G10,d
Cyfip2,G10,d
Trib2,G10,d
Mboat2,G10,d
Nf1,G10,d
Rhbdf2,G10,d
Rph3al,G10,d
Dhrs7,G10,d
Acot2,G10,d
Nedd9,G10,d
Susd3,G10,d
Fst,G10,d
Ctsb,G10,d
Cryl1,G10,d
Prkcd,G10,d
Tsc22d1,G10,d
Ppp3cc,G10,d
Oplah,G10,d
Plec,G10,d
Cd200,G10,d
Igsf11,G10,d
Grik1,G10,d
Ifngr2,G10,d
Amhr2,G10,d
Crip3,G10,d
Cyp4f13,G10,d
Lhcgr,G10,d
Fkbp5,G10,d
Tapbp,G10,d
Ndfip1,G10,d
Fth1,G10,d
Atl3,G10,d
Cpt1a,G10,d
Pdcd4,G10,d
Fyco1,G10,d
Dock9,G10,d
Pde8a,G10,d
Shisa5,G10,d
Rgs2,G10,d
Soat1,G10,d
Tmem206,G10,d
Mgst3,G10,d
Traf1,G10,d
Arrdc1,G10,d
Itga6,G10,d
Hmgcs2,G10,d
Fmo5,G10,d
F3,G10,d
Plin2,G10,d
Fabp3,G10,d
Slc30a2,G10,d
Smpdl3b,G10,d
Mmp23,G10,d
Khk,G10,d
Aff1,G10,d
Aldh2,G10,d
P2rx4,G10,d
Nt5c3,G10,d
Tmem176b,G10,d
Zc3hav1,G10,d
Aldh1l1,G10,d
Sema4b,G10,d
Mef2a,G10,d
Cln3,G10,d
Zkscan2,G10,d
Tgfb1i1,G10,d
Smarca1,G10,d
Gpc4,G10,d
Il13ra2,G10,d
Zmym3,G10,d
Aga,G10,d
Star,G10,d
Gpr56,G10,d
Aplp2,G10,d
Mpzl2,G10,d
Anxa2,G10,d
Me1,G10,d
BC026585,G10,d
Ucp2,G10,d
Pik3ip1,G10,d
Ttyh2,G10,d
Neu3,G10,d
Zcchc7,G10,d
Tmprss13,G10,d
Hgsnat,G10,d
Smim14,G10,d
Cpe,G10,d
Arap2,G10,d
Cntln,G10,d
Sobp,G10,d
Echdc3,G10,d
Nrn1,G10,d
Cercam,G10,d
Arhgap29,G10,d
Dag1,G10,d
Cacng5,G10,d
Gstm2,G10,d
Atp1b2,G10,d
Serpina3a,G10,d
Rasl12,G10,d
S100a10,G10,d
Gprasp1,G10,d
Tst,G10,d
Bst2,G10,d
Ddit4l,G10,d
Tmie,G10,d
Lrrc4,G10,d
Pgbd5,G10,d
Kctd14,G10,d
Shisa6,G10,d
Gstm1,G10,d
Tor4a,G10,d
Serpinb6a,G10,d
Layn,G10,d
B2m,G10,d
Cdc42ep5,G10,d
Ifi27,G10,d
Cntn4,G10,d
Zfp467,G10,d
Hpcal1,G10,d
Ggh,G10,d
Igtp,G10,d
Tgfbr3l,G10,d
Gm6665,G10,d
Nrip2,G11,d
Ugp2,G11,d
Acp2,G11,d
Mapk13,G11,d
Jkamp,G11,d
Dnajb1,G11,d
Dhdh,G11,d
Sdc4,G11,d
Pex3,G11,d
Zfp354a,G11,d
Tom1l1,G11,d
Fut8,G11,d
Txndc15,G11,d
Map3k1,G11,d
Nudt13,G11,d
Slmap,G11,d
Cmbl,G11,d
Fam134b,G11,d
Ly6e,G11,d
Sod1,G11,d
Slc25a46,G11,d
Trim26,G11,d
Fech,G11,d
Cyb5a,G11,d
Rabgef1,G11,d
Paip1,G11,d
Stat1,G11,d
Mgat4a,G11,d
Nmt2,G11,d
St6galnac6,G11,d
Slc12a6,G11,d
Cst3,G11,d
Slc35d1,G11,d
Eps15,G11,d
Pdpn,G11,d
Gnpda2,G11,d
Gbas,G11,d
Plbd2,G11,d
Lrig1,G11,d
Sumf1,G11,d
Ttll3,G11,d
Ccdc91,G11,d
Qpctl,G11,d
Tpp1,G11,d
Msl3,G11,d
Usb1,G11,d
Klhl36,G11,d
Taf1c,G11,d
Scap,G11,d
Ankmy2,G11,d
Upf3b,G11,d
Fam120a,G11,d
Tmem135,G11,d
Slc19a2,G11,d
Mettl18,G11,d
Wapal,G11,d
Serpina3g,G11,d
Jrk,G11,d
Ccdc36,G11,d
Ctdspl,G11,d
Arxes2,G11,d
Snx21,G11,d
Gja1,G11,d
Jun,G11,d
BC004004,G11,d
Zfp459,G11,d
Rnf181,G11,d
Aasdh,G11,d
Retsat,G11,d
Ece1,G11,d
Casc4,G11,d
Zfp937,G11,d
Nr6a1,G11,d
Zfp772,G11,d
Pex11g,G11,d
Snx29,G11,d
Armcx5,G11,d
Nbeal1,G11,d
E430018J23Rik,G11,d
Slc45a4,G11,d
Mphosph8,G11,d
Arpc4,G11,d
Bcl11a,G12,e
Slc7a7,G12,e
Epn2,G12,e
Ocrl,G12,e
Mybpc3,G12,e
Bicd1,G12,e
Gab2,G12,e
Igf1r,G12,e
Cbfa2t3,G12,e
Carhsp1,G12,e
Hipk1,G12,e
Camta1,G12,e
Gtf2ird2,G12,e
Celsr1,G12,e
Myo1b,G12,e
Hsd17b1,G12,e
Cyb561,G12,e
Hey2,G12,e
Canx,G12,e
Sept4,G12,e
Nos2,G12,e
Ctage5,G12,e
Trim9,G12,e
Dpf3,G12,e
Ctsl,G12,e
Arsk,G12,e
Vcan,G12,e
Arhgef28,G12,e
Ercc8,G12,e
Peli2,G12,e
Lect1,G12,e
Mbnl2,G12,e
Fzd6,G12,e
Myc,G12,e
Robo1,G12,e
Masp1,G12,e
Cers5,G12,e
Ivns1abp,G12,e
Strn,G12,e
Fam21,G12,e
Tcf7l2,G12,e
Slc18a2,G12,e
Kazald1,G12,e
Dpysl4,G12,e
Tm9sf2,G12,e
Zfp202,G12,e
Ikzf2,G12,e
Inpp4a,G12,e
Nr5a2,G12,e
Mpzl1,G12,e
Vamp4,G12,e
Psd4,G12,e
Snap25,G12,e
Tpd52,G12,e
Pcmtd2,G12,e
Ddah1,G12,e
Tnc,G12,e
Ptbp3,G12,e
Pde4b,G12,e
Akr1a1,G12,e
Sema3c,G12,e
Prkag2,G12,e
Pex14,G12,e
Fosl2,G12,e
Anxa3,G12,e
Foxp2,G12,e
Foxp1,G12,e
Bhlhe40,G12,e
Synm,G12,e
Sytl2,G12,e
Trim30a,G12,e
Pak3,G12,e
Eif4ebp1,G12,e
Cnot7,G12,e
Hpgd,G12,e
Vps4a,G12,e
St3gal4,G12,e
Apoa4,G12,e
Gsta4,G12,e
Slc10a3,G12,e
Fem1c,G12,e
Myo5c,G12,e
Zswim5,G12,e
Mast4,G12,e
Art3,G12,e
Tanc1,G12,e
Amh,G12,e
Mid1,G12,e
Nfkbiz,G12,e
Qsox2,G12,e
Mgat4b,G12,e
Mgarp,G12,e
Rims2,G12,e
Smim3,G12,e
Mical2,G12,e
Alpk3,G12,e
Arhgap18,G12,e
Atp6v0e2,G12,e
Slc44a3,G12,e
Plekha1,G12,e
Zbtb38,G12,e
Gyltl1b,G12,e
Sgms1,G12,e
Cables1,G12,e
Tox,G12,e
Pik3r1,G12,e
Enc1,G12,e
Fhdc1,G12,e
Snx18,G12,e
Usp22,G12,e
Gm15800,G12,e
Nhlrc3,G12,e
Gpr146,G12,e
Klhl31,G12,e
Gldn,G12,e
Spin2c,G12,e
Tshz1,G12,e
Tgif1,G12,e
Ubiad1,G12,e
Bex4,G12,e
Fam171b,G12,e
Ptges,G12,e
Sgms2,G12,e
Map1b,G12,e
Repin1,G12,e
Lamb2,G12,e
Cyp2j6,G12,e
Nap1l5,G12,e
Camk2b,G12,e
Pclo,G12,e
Ptprz1,G12,e
Gpr98,G12,e
Map3k5,G12,e
Adam1a,G12,e
Tox2,G12,e
Emc1,G12,e
Gmpr,G13,e
Grik3,G13,e
Slc25a42,G13,e
Prkar2b,G13,e
Hfe,G13,e
Derl3,G13,e
Tex15,G13,e
Tex14,G13,e
Ifi35,G13,e
Ly6g6e,G13,e
Ptgds,G13,e
Perp,G13,e
Socs2,G13,e
Vps13d,G13,e
Esr2,G13,e
Akr1c13,G13,e
Erap1,G13,e
Scara5,G13,e
Clu,G13,e
Ephx2,G13,e
Slc7a8,G13,e
Myo10,G13,e
Deptor,G13,e
Slc7a4,G13,e
Arhgap31,G13,e
Parp9,G13,e
Zfp641,G13,e
Slc37a1,G13,e
Gpha2,G13,e
Casp8,G13,e
Hdac4,G13,e
Adck3,G13,e
Kcnj3,G13,e
Slc25a12,G13,e
Zfp385b,G13,e
Gatm,G13,e
Atp9a,G13,e
Hsd3b1,G13,e
Fuca1,G13,e
Rasgef1b,G13,e
Pla2g1b,G13,e
Rab19,G13,e
Usp18,G13,e
Plbd1,G13,e
Itpr2,G13,e
Pcsk6,G13,e
Chp2,G13,e
Aff2,G13,e
Sytl4,G13,e
Slc27a1,G13,e
Wdr59,G13,e
Apoa1,G13,e
Myo1e,G13,e
Fam81a,G13,e
Acsbg1,G13,e
Mras,G13,e
Colgalt2,G13,e
Lama1,G13,e
Inha,G13,e
Rtp4,G13,e
Angptl1,G13,e
Akr1c14,G13,e
Gulo,G13,e
Bmp2k,G13,e
Tnni3,G13,e
Greb1,G13,e
Tmem184a,G13,e
Inhbb,G13,e
Rsrp1,G13,e
Tap1,G13,e
Slc9a7,G13,e
Vnn1,G13,e
Fam13a,G13,e
Ppp1r16b,G13,e
Ddx60,G13,e
Rnf144b,G13,e
C130074G19Rik,G13,e
Cc2d2a,G13,e
Ginm1,G13,e
N4bp2l1,G13,e
Mdfic,G13,e
Ptpre,G13,e
Dmrta1,G13,e
Chst9,G13,e
Zg16,G13,e
Chchd10,G13,e
Aftph,G13,e
Rasd1,G13,e
Defb19,G13,e
Arhgap42,G13,e
Cited1,G13,e
Jam2,G13,e
Aldh1a1,G13,e
Tanc2,G13,e
St3gal5,G13,e
Krt79,G13,e
Mro,G13,e
Rhox8,G13,e
Aard,G13,e
Irgm2,G13,e
Wfdc10,G13,e
Gprasp2,G13,e
Marc2,G13,e
Nrbp2,G13,e
Kcnb2,G13,e
Psmb9,G13,e
Ngfr,G14,f
Rnf17,G14,f
Mmp11,G14,f
Ckb,G14,f
Col1a1,G14,f
Ssbp2,G14,f
Cnn2,G14,f
Wisp1,G14,f
Slc1a3,G14,f
Fblim1,G14,f
Adamts4,G14,f
Sulf2,G14,f
Nfib,G14,f
Hivep2,G14,f
Pmp22,G14,f
Sparc,G14,f
Tbx3,G14,f
Lsp1,G14,f
Rcn3,G14,f
Plagl1,G14,f
Ptprk,G14,f
Apaf1,G14,f
Tgfb3,G14,f
Wnt5a,G14,f
Gfra2,G14,f
Snai2,G14,f
Cyp1b1,G14,f
Nrxn1,G14,f
Sncaip,G14,f
Pdgfrb,G14,f
Il33,G14,f
Tmem47,G14,f
St8sia2,G14,f
Gria4,G14,f
Adam23,G14,f
Nrp2,G14,f
Igfbp5,G14,f
Cd55,G14,f
Atp2b4,G14,f
Tmem63a,G14,f
Itga8,G14,f
Zeb2,G14,f
Postn,G14,f
Olfml3,G14,f
Enpep,G14,f
Mmp16,G14,f
Svep1,G14,f
Mxra8,G14,f
Emilin1,G14,f
Pdgfra,G14,f
Sparcl1,G14,f
Col1a2,G14,f
Cald1,G14,f
Ptn,G14,f
Prickle2,G14,f
Tspan9,G14,f
Nr2f2,G14,f
Itm2a,G14,f
Bgn,G14,f
Sfrp1,G14,f
Slit2,G14,f
Pdgfrl,G14,f
Cdh11,G14,f
Mmp2,G14,f
Cadm1,G14,f
Antxr1,G14,f
Arx,G14,f
Tgfbi,G14,f
Capn5,G14,f
Acta2,G14,f
Syt1,G14,f
Prickle1,G14,f
Lrrn3,G14,f
Slc2a13,G14,f
Etl4,G14,f
Islr,G14,f
Inpp4b,G14,f
Leprel1,G14,f
Akap12,G14,f
Lpar1,G14,f
Akap2,G14,f
Tgfb2,G14,f
Rbms3,G14,f
Ldb2,G14,f
Sema3d,G14,f
Pde3a,G14,f
Card6,G14,f
Mfap4,G14,f
Tril,G14,f
Tcf21,G14,f
Rbp1,G14,f
Zbtb44,G14,f
Adamts12,G14,f
Sned1,G14,f
Lhfp,G14,f
Gli2,G14,f
Fam171a1,G14,f
Robo2,G14,f
Pbx1,G14,f
St6galnac3,G14,f
Adam12,G14,f
Emcn,G14,f
Pcdh9,G14,f
Maf,G14,f
Ghr,G14,f
Sept11,G14,f
Frem1,G14,f
Tnfaip8,G14,f
Opcml,G14,f
Nrg1,G14,f
Adamtsl1,G14,f
Nrxn3,G14,f
Marcks,G14,f
Fam196a,G14,f
Prnp,G14,f
Palm2Akap2,G14,f
Mid2,G15,f
Col6a1,G15,f
Celf2,G15,f
Fcgrt,G15,f
Cp,G15,f
Ptrf,G15,f
Sqrdl,G15,f
Tmbim1,G15,f
Mertk,G15,f
Lamp2,G15,f
Rev3l,G15,f
Plek,G15,f
Egfr,G15,f
Sptbn1,G15,f
Cygb,G15,f
Fbln5,G15,f
Matn2,G15,f
Dpysl3,G15,f
Gna14,G15,f
Cd63,G15,f
Ifitm3,G15,f
Itih5,G15,f
Casp12,G15,f
Cyp27a1,G15,f
Cfh,G15,f
Mr1,G15,f
Rassf2,G15,f
Nkain4,G15,f
Npr2,G15,f
Tgfbr3,G15,f
Cxcl1,G15,f
Mgp,G15,f
Zfp273,G15,f
Arhgef6,G15,f
Gpm6b,G15,f
Rab20,G15,f
Ces2g,G15,f
Prss35,G15,f
Gucy1a3,G15,f
Kank4,G15,f
Ddx58,G15,f
Prelp,G15,f
Kctd12b,G15,f
Fam13c,G15,f
Col6a6,G15,f
Naalad2,G15,f
Fat4,G15,f
Stbd1,G15,f
Mamld1,G15,f
Calcrl,G15,f
C1qtnf7,G15,f
Cped1,G15,f
Ctnna2,G15,f
Agtr2,G15,f
Thbd,G15,f
Col4a3,G15,f
Col6a5,G15,f
Ccnd2,G16,g
Cttnbp2,G16,g
Gm2a,G16,g
Kat2b,G16,g
Lgals9,G16,g
Gstt1,G16,g
Tcirg1,G16,g
Pnck,G16,g
Angptl4,G16,g
Rabac1,G16,g
Zak,G16,g
Cd44,G16,g
Ezh1,G16,g
Tmem86a,G16,g
Plcd1,G16,g
Abca1,G16,g
C1qtnf1,G16,g
Serinc3,G16,g
Anxa6,G16,g
Myh11,G16,g
Irf1,G16,g
Esr1,G16,g
Traf3ip2,G16,g
Tcp11l2,G16,g
Timp3,G16,g
Igf1,G16,g
Hcfc2,G16,g
Btg2,G16,g
Ncoa1,G16,g
Zfp36l1,G16,g
Lgmn,G16,g
Fos,G16,g
Itm2b,G16,g
Spry2,G16,g
Zscan26,G16,g
Sdc2,G16,g
Zfpm2,G16,g
Csmd3,G16,g
Smc1b,G16,g
Zfp263,G16,g
Ccdc80,G16,g
Abcc5,G16,g
Slc15a2,G16,g
Il10rb,G16,g
Ifnar2,G16,g
Msrb2,G16,g
Wfdc1,G16,g
Park2,G16,g
Thbs2,G16,g
C2,G16,g
Lama3,G16,g
Anxa1,G16,g
Ltbp3,G16,g
Rab40b,G16,g
Maged2,G16,g
Akr1cl,G16,g
Clk1,G16,g
Pam,G16,g
Steap3,G16,g
Rab29,G16,g
Ppp2r5a,G16,g
Plxna2,G16,g
Cybrd1,G16,g
Napb,G16,g
Zbtb46,G16,g
Gnb4,G16,g
Anxa5,G16,g
S100a11,G16,g
Npr1,G16,g
B4galt1,G16,g
Ppap2b,G16,g
Nfia,G16,g
Col9a2,G16,g
Ptch2,G16,g
H6pd,G16,g
Oasl2,G16,g
Akr1b8,G16,g
Anxa4,G16,g
Itpr1,G16,g
Emp1,G16,g
Cd9,G16,g
Crtc3,G16,g
Nucb2,G16,g
Gpr64,G16,g
Gas6,G16,g
Mt1,G16,g
Mau2,G16,g
Cryab,G16,g
Col12a1,G16,g
Dapk2,G16,g
Pygm,G16,g
Igdcc4,G16,g
Arhgef17,G16,g
Gas7,G16,g
Qsox1,G16,g
Stard9,G16,g
Efcab14,G16,g
Lbx2,G16,g
Lrrk2,G16,g
Fgf1,G16,g
Acaa2,G16,g
Unc93b1,G16,g
Slc25a43,G16,g
Cd81,G16,g
Nod1,G16,g
Fam198a,G16,g
Spats2l,G16,g
Txnip,G16,g
Egr1,G16,g
Itpkb,G16,g
Cpq,G16,g
Mrap,G16,g
Klhl42,G16,g
Emp3,G16,g
Gbp7,G16,g
Blvrb,G16,g
Xaf1,G16,g
Sox5,G16,g
Fgf11,G16,g
Greb1l,G16,g
Pcdhb19,G16,g
Npsr1,G16,g
Cnr1,G16,g
Abca6,G16,g
Zfp36,G16,g
Tmem229b,G16,g
C77370,G16,g
Irgm1,G16,g
Foxo3,G16,g
Dtx3l,G16,g
Apol10b,G16,g
Foxl2,G16,g
Slc39a1,G16,g
Swt1,G16,g
Sv2b,G16,g
Adamts19,G16,g
Ier2,G16,g
Pla2r1,G16,g
C1ra,G16,g
Myh8,G16,g
Clca1,G16,g
Lgals8,G16,g
Cacnb2,G16,g
Thra,G16,g
Syn3,G16,g
Pwwp2b,G16,g
Ifitm2,G16,g
Cyp2d22,G16,g
Trank1,G16,g
Dhrs3,G16,g
Hmcn1,G16,g
Vsig10,G16,g
Bmpr2,G16,g
Lgals1,G16,g
Ahnak,G16,g
Heg1,G16,g
Ifi27l2a,G16,g
Cyp4v3,G16,g
Gm20547,G16,g
Gm21970,G16,g
Vkorc1,G16,g
Serpinf1,G17,g
Prlr,G17,g
Htra1,G17,g
Mlkl,G17,g
Pde7b,G17,g
Ogn,G17,g
Ptch1,G17,g
Arhgef3,G17,g
Dab2,G17,g
Zbtb20,G17,g
Emilin2,G17,g
Psmb8,G17,g
Osbp,G17,g
Papss2,G17,g
Ablim1,G17,g
Slco3a1,G17,g
Slc40a1,G17,g
Gls,G17,g
Serpine2,G17,g
Plxdc2,G17,g
Grb14,G17,g
Itgav,G17,g
Ctso,G17,g
Gem,G17,g
Gbp3,G17,g
Jak1,G17,g
Ago3,G17,g
Bmp3,G17,g
Rerg,G17,g
Tmtc1,G17,g
Nupr1,G17,g
Slc9a9,G17,g
Trpc6,G17,g
Ubash3b,G17,g
Ank2,G17,g
Myo6,G17,g
Lgals3bp,G17,g
Slc16a2,G17,g
Rap2b,G17,g
Osbpl5,G17,g
Angptl6,G17,g
Metrnl,G17,g
Fndc3b,G17,g
Mmd2,G17,g
Spsb1,G17,g
Thbs1,G17,g
Cdk6,G17,g
Slc26a7,G17,g
Inhba,G17,g
Abca9,G17,g
Synpo,G17,g
Klhl15,G17,g
Foxo1,G17,g
Serpinb1a,G17,g
Pid1,G17,g
Ar,G17,g
Tenm4,G17,g
Kmt2d,G17,g
Abcd2,G17,g
Phex,G17,g
Chst8,G17,g
Tdrd5,G17,g
Mkx,G17,g
Phactr2,G17,g
Syne2,G17,g
Nipal1,G17,g
Sod3,G17,g
Gm10471,G17,g
Plxnc1,G17,g
C1rb,G17,g
