"","Gene_Clusters"
"eGFP","1"
"Cdc45","2"
"Scmh1","1"
"Ngfr","3"
"Gna12","4"
"Igsf5","2"
"Ccnd2","5"
"Drp2","1"
"Tspan32","6"
"Gmpr","7"
"Mid2","3"
"Trim25","8"
"Cdh4","2"
"Comt","1"
"Rnf17","9"
"Tbrg4","4"
"Egfl6","6"
"Cttnbp2","6"
"Galnt1","10"
"Hnrnpd","11"
"Gm2a","5"
"Hk2","11"
"Kat2b","5"
"Rpa1","2"
"Serpinf1","12"
"Ddx3x","11"
"Car4","2"
"Bcl11a","13"
"Mmp11","14"
"Hoxa4","2"
"Slc7a7","14"
"Ilf2","11"
"Epn2","15"
"Luzp1","9"
"Col6a1","5"
"Lgals9","6"
"Ocrl","14"
"Uhrf1","2"
"Lsr","10"
"Ckb","3"
"Efnb2","13"
"Rnd2","1"
"Fndc5","16"
"Acp5","1"
"Ube2c","2"
"Cct3","11"
"Kpnb1","11"
"Cyp51","11"
"Tubb6","3"
"Meox1","9"
"Col1a1","3"
"Foxm1","2"
"Nrip2","7"
"Tubb5","9"
"Stk38l","10"
"Hoxc8","11"
"Gstt1","5"
"Gstt3","16"
"Ubl3","1"
"Cldn15","13"
"Tcirg1","5"
"Tspan33","16"
"Rin2","16"
"Pwp1","2"
"Capns1","10"
"Folr1","16"
"Sept7","13"
"Aif1l","17"
"Ltbp1","13"
"Ugp2","6"
"Kcnh6","16"
"Grik3","7"
"Pnck","5"
"Tmem25","8"
"Spag5","2"
"Ccne1","11"
"Mybpc3","15"
"Acp2","6"
"Celf2","5"
"Stat6","7"
"Paxip1","17"
"Mov10","10"
"Peg3","4"
"Zim1","1"
"Angptl4","5"
"Dbf4","2"
"Irf9","16"
"Slc25a42","15"
"Prpf6","11"
"Abhd3","10"
"Snrpd1","11"
"Axl","8"
"Akap8l","10"
"Prkd1","4"
"Cse1l","17"
"Baz1b","11"
"Chaf1a","2"
"Adprh","11"
"Mcm2","11"
"Cd97","1"
"Arrdc2","10"
"Map2k7","16"
"Apoe","16"
"Prkar2b","12"
"Cdkn1b","7"
"Klf4","1"
"Sri","10"
"Edar","6"
"Pld3","16"
"Rabac1","5"
"Fcgrt","5"
"Nosip","10"
"Bicd1","15"
"Dusp3","17"
"Cp","5"
"Crot","16"
"Snrnp200","11"
"Insig2","8"
"Brd8","2"
"Kif20a","2"
"Dnase2a","8"
"Calr","11"
"Nfat5","5"
"Nqo1","16"
"Ssbp2","3"
"Gstm7","8"
"Stat3","8"
"Ptrf","5"
"Zak","5"
"Dnmt1","2"
"Psap","1"
"Ptpn6","9"
"Atp6v1f","10"
"Pde1c","11"
"Utp20","2"
"Zfp324","4"
"Gab2","14"
"Coro1c","17"
"Stxbp2","10"
"Arid3b","2"
"Cnn2","3"
"Cd244","1"
"Pgf","9"
"Ulk2","14"
"Mapk13","7"
"Lbr","9"
"Crabp2","11"
"Nes","9"
"Slc25a18","15"
"Hnrnpa2b1","11"
"Jkamp","10"
"Cd44","16"
"Wisp1","14"
"Ndrg1","8"
"Shbg","7"
"Plekha8","13"
"G6pc2","13"
"Spc25","2"
"Prlr","12"
"Slc1a3","3"
"Msh6","11"
"Tbl2","11"
"Mcm5","2"
"Asf1b","2"
"Ddx39","2"
"Dnajb1","6"
"Por","1"
"Igf1r","13"
"Mef2c","3"
"Eif4g2","11"
"Mthfd2","2"
"Kit","8"
"Ranbp1","11"
"Sqrdl","5"
"Gata6","10"
"Reep5","1"
"Ergic3","10"
"Inpp5k","16"
"Htra1","12"
"Fblim1","3"
"Atp6v1b2","4"
"Tmbim1","5"
"Tmem147","10"
"Cbfa2t3","15"
"Fbln1","17"
"Gcat","17"
"Elovl1","10"
"Cdc20","2"
"Adamts4","3"
"Ptbp1","11"
"Cyba","5"
"Slc4a3","16"
"Runx1t1","9"
"Hfe","15"
"Tcf23","14"
"Aplp1","9"
"Pola1","2"
"Gmnn","2"
"Tspan31","10"
"Sulf2","3"
"Ezh1","5"
"Ctnnb1","11"
"Ddah2","9"
"Pole","2"
"Cav1","6"
"Cpt1c","4"
"Zfp655","10"
"Zmiz1","11"
"Ankrd26","9"
"Aldh16a1","11"
"Mid1ip1","7"
"Cers4","16"
"Ubc","10"
"Carhsp1","15"
"Nutf2","17"
"Mgst1","7"
"Nfib","3"
"Ubqln4","11"
"Hipk1","15"
"Vdac3","10"
"Bmp7","6"
"Dynll1","13"
"Tmem184b","17"
"Derl3","15"
"Bcl2l13","11"
"Tnpo1","9"
"Rnmt","17"
"Kcnq1","16"
"Cbx5","11"
"Apobec3","16"
"Taf7l","1"
"Vav2","10"
"Tex15","7"
"Mcu","13"
"Ubp1","4"
"Nuak2","4"
"Slc38a3","9"
"Tmem86a","5"
"Tex14","15"
"Ifi35","7"
"Plcd1","1"
"Fads1","9"
"Exoc3l2","16"
"Sugp1","4"
"Dhdh","7"
"Kif11","2"
"Mlkl","5"
"Cdh23","16"
"Etv5","9"
"Igf2bp1","11"
"Aldh1a2","11"
"Cad","17"
"Ly6g6e","12"
"St3gal1","13"
"Clip3","9"
"Tvp23b","4"
"Mertk","5"
"Camta1","15"
"Csf1","9"
"Elmo3","10"
"E2f4","11"
"Gata2","13"
"Ptgds","7"
"Slc25a13","17"
"Aldh1a3","8"
"Abca1","5"
"Gdi1","4"
"Gadd45b","8"
"Zdhhc12","10"
"Cd83","13"
"Fam163a","13"
"Hivep2","9"
"Srf","4"
"Gata5","9"
"Setdb1","11"
"Arnt2","17"
"Anp32e","17"
"Med22","4"
"Nfe2l2","6"
"Adamtsl4","9"
"Ncapg","2"
"Gtf2ird2","14"
"Cacna1d","7"
"Skiv2l2","11"
"Lbp","4"
"Celsr1","13"
"Fli1","9"
"Nelfcd","11"
"Pls3","4"
"Wt1","10"
"E2f3","2"
"Lamp2","5"
"Atxn10","11"
"Eif3d","11"
"Nup50","11"
"Pacsin2","1"
"Sulf1","4"
"Sdc4","7"
"Rnd3","13"
"Brca1","2"
"Med24","9"
"Aldoc","16"
"Plxdc1","1"
"C1qtnf1","5"
"Timp2","14"
"Top2b","11"
"Rarb","9"
"Igfbp4","4"
"Cdc6","2"
"Atad5","2"
"Elmo2","2"
"Serinc3","5"
"Birc5","2"
"Wfdc2","17"
"Slc12a7","10"
"Mybl2","2"
"Cyb5r3","4"
"Vmp1","10"
"Pmp22","3"
"Ywhab","11"
"Gpx3","3"
"Anxa6","5"
"Vezf1","9"
"Mtmr4","17"
"Mrm1","16"
"Myo1b","15"
"Ypel2","16"
"Derl2","16"
"Slc2a4","17"
"Acadvl","10"
"G3bp1","11"
"Sparc","14"
"Tbx3","3"
"Cbx1","9"
"Lhx1","2"
"Lsp1","3"
"Myh11","5"
"Rad51d","10"
"Fdxr","10"
"Irf1","6"
"Arrb1","17"
"Natd1","4"
"Dnah1","1"
"Rab3d","8"
"Scrn1","13"
"Isyna1","10"
"Chtf18","6"
"Lhx9","10"
"Hsd17b1","15"
"Gdpd2","16"
"Ddx39b","11"
"Rcn3","3"
"Cyb561","15"
"Sema6a","9"
"Lyst","11"
"Tmc4","10"
"Esr1","6"
"Fbxo5","2"
"Frk","9"
"Hey2","15"
"Snx3","10"
"Pex3","6"
"Plagl1","3"
"Utrn","4"
"Mical1","17"
"Slc16a10","6"
"Rev3l","5"
"Traf3ip2","7"
"Tube1","2"
"Lama4","17"
"Perp","15"
"Qrsl1","11"
"Rtn4ip1","17"
"Ptprk","3"
"Cdk1","2"
"Atp2b1","3"
"Actr6","1"
"Uhrf1bp1l","1"
"Poc1b","9"
"Dusp6","11"
"Tmpo","9"
"Kitl","10"
"Sgk1","13"
"Hbs1l","17"
"Apaf1","9"
"Arg1","17"
"Nedd1","4"
"Enpp3","9"
"Pde7b","12"
"Mtfr2","2"
"Cfap54","6"
"Tmcc3","9"
"Socs2","12"
"Tcp11l2","5"
"Timp3","14"
"Igf1","5"
"Mybpc1","13"
"Pbld1","13"
"Ddx21","17"
"Ppa1","17"
"Sgpl1","4"
"Unc5b","11"
"Micu1","8"
"Cand1","17"
"Plek","5"
"Srgap1","1"
"Egfr","12"
"Lgr5","16"
"Slc1a4","4"
"Dock2","16"
"Meis1","13"
"Cnot2","17"
"Cobl","9"
"Grb10","13"
"Nav3","9"
"Ddc","11"
"E2f7","2"
"Csrp2","9"
"Vps13d","7"
"Tmbim4","10"
"Prmt2","16"
"Hcfc2","6"
"D10Wsu102e","1"
"Adarb1","11"
"Sumo3","11"
"Pfkl","4"
"Xpo1","11"
"Nsg2","9"
"Sptbn1","5"
"Hmmr","2"
"Cyfip2","16"
"Zfp354a","6"
"Canx","15"
"Rnf130","16"
"Rad50","17"
"Pttg1","2"
"Tns3","10"
"Btg2","6"
"Rnf185","11"
"Efemp1","9"
"Myl7","17"
"Sept4","14"
"Ska2","2"
"Prr11","2"
"Rnf187","4"
"Tom1l1","15"
"Bzw2","11"
"Nampt","17"
"Trib2","7"
"Arsg","1"
"Map2k6","17"
"Trappc12","4"
"Id2","13"
"Mboat2","7"
"Ncoa1","5"
"Rrm2","2"
"Dnmt3a","11"
"Hnf1b","2"
"Ftsj3","17"
"Ern1","16"
"Nf1","6"
"Cacng4","9"
"Nup85","2"
"Gga3","11"
"Pafah1b1","13"
"Ankfy1","4"
"Rhbdf2","7"
"Fam64a","2"
"Cygb","5"
"Nos2","15"
"Pld2","8"
"Cpd","6"
"Rph3al","1"
"Doc2b","16"
"Prpf8","11"
"Hoxb9","2"
"Scrn2","10"
"Fbxl20","8"
"Aurkb","2"
"Pfas","17"
"Myh10","11"
"Krt19","13"
"Top2a","2"
"Eftud2","11"
"Dcakd","11"
"Fkbp3","11"
"Gtf2a1","1"
"Tshr","1"
"Pnn","11"
"Ctage5","15"
"Npas3","6"
"Ralgapa1","6"
"Sptlc2","10"
"Vipas39","11"
"Mthfd1","2"
"Esr2","12"
"Fut8","6"
"Trim9","13"
"Serpina1f","1"
"Dhrs7","7"
"Clmn","17"
"Vrk1","11"
"Zfp36l1","5"
"Smoc1","1"
"Fbln5","5"
"Lgmn","5"
"Pitrm1","17"
"Otub2","17"
"Ppp4r4","10"
"Akr1c13","15"
"Tshz3","9"
"Dpf3","15"
"Papln","1"
"Numb","1"
"Acot2","7"
"Aldh6a1","6"
"Fos","5"
"Tgfb3","14"
"Angel1","1"
"Wars","11"
"Hsp90aa1","11"
"Cinp","17"
"Eif5","11"
"Ppp1r13b","13"
"Xrcc3","2"
"Mtr","1"
"Ryr2","16"
"Amph","2"
"Gli3","2"
"Gcnt2","9"
"Elovl2","2"
"Nedd9","7"
"Dek","11"
"Susd3","15"
"Ogn","3"
"Cenpp","2"
"Ssr1","9"
"Gadd45g","1"
"Auh","6"
"Ptch1","3"
"Ctsl","15"
"Txndc15","7"
"Ddx46","11"
"A530054K11Rik","8"
"Trpc7","1"
"Golm1","11"
"Dapk1","8"
"Cep72","2"
"Erap1","7"
"Rhobtb3","11"
"Glrx","10"
"Arsk","14"
"Nsun2","17"
"Med10","10"
"Hapln1","11"
"Vcan","13"
"Arhgef28","15"
"Pde8b","6"
"Ercc8","13"
"Depdc1b","2"
"Dhfr","2"
"Emb","17"
"Fgf10","11"
"Ptprg","1"
"Map3k1","6"
"Fst","16"
"Kat6b","8"
"Fam213a","9"
"Nid2","3"
"Nudt13","6"
"Dnajc9","2"
"Vcl","10"
"Txndc16","13"
"Bmp4","11"
"Mapk1ip1l","17"
"Peli2","17"
"Slmap","15"
"Arhgef3","5"
"Ctsb","5"
"Gata4","1"
"Cryl1","7"
"Prkcd","15"
"Tdh","10"
"Tkt","1"
"Ska3","2"
"Hmbox1","9"
"Spata13","17"
"Wnt5a","14"
"Tsc22d1","7"
"Dnajc15","10"
"Akap11","4"
"Rgcc","1"
"Tdrd3","13"
"Lect1","15"
"Scara5","15"
"Pbk","2"
"Esco2","2"
"Clu","7"
"Ephx2","15"
"Dpysl2","10"
"Nefm","9"
"Nefl","9"
"Ppp3cc","7"
"Bmp1","6"
"Gfra2","3"
"Itm2b","5"
"Spry2","14"
"Rnf219","11"
"Ednrb","9"
"Dct","8"
"Mbnl2","15"
"Dab2","12"
"Ajuba","11"
"Slc7a8","12"
"Pdzd2","6"
"Slc22a17","8"
"Psme1","10"
"Zscan26","6"
"Cct5","11"
"Cmbl","7"
"Tars","17"
"Brix1","11"
"Laptm4b","10"
"Sdc2","5"
"Ank","1"
"Fam134b","10"
"Myo10","15"
"Pabpc1","9"
"Rrm2b","6"
"Fzd6","14"
"Slc25a32","16"
"Zfpm2","14"
"Oxr1","11"
"Angpt1","9"
"Csmd3","5"
"Rad21","2"
"Cdh10","13"
"Shcbp1","2"
"Matn2","5"
"Osr2","3"
"Sybu","16"
"Myc","15"
"Sqle","17"
"Atad2","2"
"Zhx1","4"
"Mtbp","2"
"Gtse1","2"
"Rangap1","17"
"Rbx1","11"
"Deptor","7"
"Smc1b","6"
"Fam118a","17"
"Parvb","10"
"Ttll1","4"
"Adamts20","9"
"Sept3","11"
"Slc38a4","11"
"Col2a1","2"
"Hoxc5","13"
"Litaf","1"
"Hes1","10"
"Zfp263","6"
"Atp13a3","10"
"Tmem44","1"
"Rogdi","10"
"Oplah","7"
"Grina","10"
"Plec","7"
"Ly6e","6"
"Cblb","13"
"Bbx","17"
"Cd200","7"
"Ccdc80","14"
"Mcm4","11"
"Snai2","14"
"Fopnl","10"
"Nde1","2"
"B3gnt5","11"
"Zbtb20","12"
"Cldn26","10"
"Tomm70a","17"
"Slc7a4","7"
"Top3b","4"
"Mfi2","16"
"Igsf11","16"
"Yars2","1"
"Arhgap31","15"
"Popdc2","9"
"Umps","11"
"Itgb5","1"
"Abcc5","1"
"Clcn2","8"
"Cxadr","11"
"Rfc4","11"
"Robo1","13"
"Masp1","15"
"Adamts1","9"
"Slc15a2","14"
"Parp9","7"
"Grik1","8"
"Chaf1b","11"
"Runx1","16"
"Tmem50b","1"
"Ifngr2","7"
"Ifnar1","1"
"Il10rb","1"
"Ifnar2","1"
"Sod1","15"
"Zfp641","15"
"Enah","17"
"Tuba1b","2"
"Tmbim6","10"
"Faim2","1"
"Racgap1","2"
"Cers5","13"
"Slc11a2","1"
"Nr4a1","6"
"Amhr2","10"
"Prr13","10"
"Calcoco1","8"
"Cdkn1a","10"
"Rgn","16"
"Fhl1","17"
"Msrb2","5"
"Wrb","11"
"Ivns1abp","15"
"Vwa5a","8"
"Scg5","17"
"Wfdc1","16"
"Tmem176a","16"
"Slc17a9","16"
"Tpi1","4"
"Tulp2","10"
"Cdca3","2"
"Ccndbp1","4"
"Tiam2","14"
"Park2","5"
"Slc22a3","9"
"Igf2r","3"
"Acat2","11"
"Pde10a","6"
"Thbs2","5"
"Smoc2","9"
"Cenpq","2"
"Cdc5l","11"
"Spats1","16"
"Sgol1","2"
"Enpp4","17"
"Crip3","7"
"Abcg1","10"
"Slc37a1","7"
"Arhgap28","17"
"Emilin2","12"
"Cyp4f13","7"
"Ndc80","2"
"Galnt14","11"
"Ehd3","17"
"Spast","17"
"Strn","13"
"Eif2ak2","16"
"Ndufaf7","4"
"Pja2","10"
"Cyp1b1","14"
"Vapa","10"
"Srsf7","11"
"Fam21","15"
"Lhcgr","7"
"Nrxn1","3"
"Eci1","10"
"Rhoq","11"
"Msh2","11"
"C3","17"
"Hn1l","11"
"Rgs11","16"
"Itfg3","16"
"Fkbp5","10"
"Slc25a46","6"
"Slc39a6","9"
"Mapre2","17"
"Esco1","1"
"Tapbp","7"
"Psmb8","12"
"Psd2","9"
"Gfra3","13"
"Cdc23","2"
"C2","7"
"Zfp521","4"
"Lama3","6"
"Ndfip1","8"
"Hdac3","4"
"Trim26","6"
"Dcp2","11"
"Hbegf","9"
"Dpysl3","12"
"Slmo1","17"
"Sncaip","3"
"Me2","10"
"Sall3","1"
"Fech","6"
"Pdgfrb","3"
"Psat1","17"
"Cyb5a","15"
"Anxa1","5"
"Incenp","2"
"Fth1","7"
"Osbp","6"
"Fam111a","2"
"Gna14","5"
"Pcsk5","9"
"Ddb1","11"
"Fen1","2"
"Aldh1a7","8"
"Tmem2","11"
"Atl3","7"
"Gpha2","7"
"Cdca5","2"
"Kif20b","2"
"Il33","14"
"Tnks2","4"
"Gldc","17"
"Pola2","17"
"Dmrt1","1"
"Eif1ad","2"
"Sf3b2","11"
"Aldh3b1","16"
"Slc29a2","4"
"Papss2","12"
"Cpt1a","7"
"Ltbp3","6"
"Prdx5","16"
"Bad","10"
"Stip1","11"
"Smc3","11"
"Pdcd4","8"
"Tcf7l2","14"
"Cep55","2"
"Eif3a","11"
"Prdx3","10"
"Hells","2"
"Aldh18a1","17"
"Ccnj","2"
"Add3","5"
"Nr0b1","1"
"Dclre1a","1"
"Ablim1","12"
"Pnliprp2","1"
"Slc18a2","15"
"Alyref","2"
"Rab40b","5"
"R3hcc1l","4"
"Sema4g","1"
"Sfxn3","16"
"Kazald1","15"
"Btrc","16"
"Limd1","11"
"Fyco1","16"
"Maged2","7"
"Sat1","16"
"Rabgef1","15"
"Cd63","5"
"Prim1","2"
"Myo1a","16"
"Paip1","6"
"Adam8","1"
"Tubgcp2","11"
"Dpysl4","13"
"Ric8","4"
"Ifitm1","1"
"Ifitm3","5"
"Pidd1","11"
"Asl","10"
"Tm9sf2","15"
"Farp1","4"
"Slc15a1","1"
"Dock9","7"
"Tk1","2"
"Cbx2","11"
"Eif4a3","11"
"Pde8a","7"
"Dach2","13"
"Klhl4","9"
"Zfp202","13"
"Copg2","11"
"Podxl","10"
"Bach1","13"
"Cct8","11"
"Phf6","11"
"Shisa5","7"
"Pfkfb4","1"
"Tmem47","9"
"Rab40c","8"
"Gng13","6"
"Hadha","10"
"Tyms","2"
"Plk4","2"
"Mfsd8","4"
"Crispld1","3"
"Itih5","5"
"St8sia2","3"
"Slco3a1","15"
"Nrp1","9"
"Homer2","1"
"Nudt5","17"
"Myo5b","1"
"Casp12","5"
"Gria4","9"
"Rb1cc1","4"
"Eya1","2"
"Idh1","10"
"Akr1cl","5"
"Creb1","2"
"Klf7","1"
"Adam23","3"
"Nrp2","3"
"Hspd1","11"
"Slc39a10","4"
"Slc40a1","15"
"Ikzf2","13"
"Acadl","16"
"Casp8","6"
"Cflar","1"
"Clk1","5"
"Nif3l1","17"
"Sgol2","2"
"Tex30","17"
"Gls","15"
"Stat1","7"
"Mgat4a","6"
"Inpp4a","14"
"Plekhb2","2"
"Imp4","11"
"Dst","1"
"Prim2","2"
"Rhbdd1","8"
"Sphkap","1"
"Cyp27a1","5"
"Rqcd1","11"
"Igfbp5","14"
"Xrcc5","11"
"Fn1","9"
"Psmd1","17"
"Ncl","11"
"Epha4","2"
"Ptma","17"
"Farsb","17"
"Serpine2","12"
"Pask","9"
"Hdac4","15"
"Pam","5"
"Mcm6","4"
"Rgs2","7"
"Cfh","5"
"Ptpn4","1"
"Dbi","10"
"Steap3","1"
"Nr5a2","15"
"Cd55","3"
"Rab29","8"
"Nucks1","11"
"Chit1","16"
"Atp2b4","14"
"Mr1","5"
"Lamc1","6"
"Fam129a","16"
"Adck3","7"
"Cdc42bpa","1"
"Kif26b","13"
"Tmem63a","14"
"Vangl2","11"
"Uck2","17"
"Tada1","11"
"Mpzl1","13"
"Atp1b1","6"
"Astn1","13"
"Ralgps2","1"
"Abl2","11"
"Soat1","7"
"Cenpf","2"
"Eprs","11"
"Nek2","2"
"Lpgat1","11"
"Ppp2r5a","5"
"Tmem206","10"
"Plxna2","14"
"Nmt2","15"
"Suv39h2","2"
"Dclre1c","17"
"Sephs1","17"
"Phyh","1"
"Mcm10","2"
"Optn","16"
"Rgs5","11"
"Nuf2","2"
"Mgst3","7"
"Vamp4","13"
"Cenpl","2"
"Dars2","2"
"Stam","4"
"Vim","8"
"Plxdc2","12"
"Nr5a1","1"
"Lypd6b","16"
"Itga8","3"
"Mastl","2"
"Abi2","4"
"St6galnac6","6"
"Ak1","17"
"Kcnj3","12"
"Gpd2","6"
"Olfm1","10"
"Zeb2","3"
"Traf1","7"
"Gsn","8"
"Grb14","12"
"Notch1","9"
"Pmpca","4"
"Gpsm1","9"
"Sapcd2","2"
"Uap1l1","16"
"Arrdc1","8"
"Pax8","11"
"Psd4","15"
"Pkp4","17"
"Nckap1","4"
"Frzb","9"
"Ssfa2","1"
"Itga4","9"
"Slc25a12","15"
"Ube2e3","4"
"Cybrd1","5"
"Zfp385b","15"
"Ssrp1","11"
"Lrp2","9"
"Ube2l6","16"
"Itgav","12"
"Sp3","1"
"Itga6","7"
"Kif18a","2"
"Slc12a6","6"
"Ccdc34","11"
"Caprin1","11"
"Nat10","17"
"Api5","11"
"Ttc17","8"
"Gatm","7"
"Sema6d","5"
"Myef2","17"
"Meis2","9"
"Cd82","6"
"Tspan18","16"
"Syt13","1"
"Mdk","3"
"Lrp4","17"
"Snap25","13"
"Jag1","17"
"Ehd4","16"
"Itpka","16"
"Ubox5","17"
"Nusap1","2"
"Rad51","2"
"Casc5","2"
"Knstrn","2"
"Ivd","10"
"Rassf2","5"
"Slc23a2","16"
"Pcna","2"
"Rasgrp1","16"
"Mcm8","2"
"Bmp2","1"
"Hdc","1"
"Usp8","10"
"Bub1","2"
"Bcl2l11","2"
"Polr1b","17"
"Tgm3","1"
"Nop56","11"
"Napb","1"
"Cst8","1"
"Cst12","7"
"Cst9","17"
"Cst3","1"
"Acss1","8"
"Snph","8"
"Tpx2","2"
"Pdrg1","4"
"Kif3b","11"
"Mapre1","11"
"Necab3","6"
"Aurka","2"
"Tpd52","15"
"Pag1","9"
"Zdbf2","9"
"Stx16","13"
"Fabp5","11"
"Atp9a","7"
"Sall4","2"
"Lrrcc1","2"
"Car3","9"
"Ntsr1","9"
"Nkain4","5"
"Chrna4","8"
"Zbtb46","5"
"Pcmtd2","14"
"Hps3","10"
"Nfs1","10"
"Epb4.1l1","1"
"Dsn1","2"
"Samhd1","10"
"Rbl1","17"
"Dhx35","4"
"Pik3ca","17"
"Gnb4","5"
"Actl6a","11"
"Mecom","13"
"Pld1","1"
"Ect2","2"
"Mccc1","10"
"Anxa5","5"
"Exosc9","2"
"Ccna2","2"
"Rab33b","9"
"Postn","3"
"Exosc8","11"
"Schip1","10"
"Ift80","4"
"Bche","17"
"Smad9","9"
"Dclk1","8"
"Wwtr1","8"
"Etfdh","16"
"Gmps","11"
"Kcnab1","17"
"Serpini1","10"
"Wnt2b","10"
"Olfml3","3"
"Vangl1","9"
"Hsd3b1","15"
"Hmgcs2","7"
"Slc16a4","10"
"Dram2","6"
"S100a11","5"
"Npr1","5"
"Slc50a1","6"
"Efna1","10"
"Fam198b","1"
"Sass6","2"
"Extl2","6"
"Ndst4","8"
"Ndst3","9"
"Lef1","8"
"Sfrp2","9"
"Ctso","12"
"Pdgfc","13"
"Pitx2","9"
"Enpep","3"
"Kcnq5","17"
"Dnajb4","8"
"Cks1b","2"
"Pmf1","2"
"Iqgap3","2"
"Fmo5","8"
"Ecm1","9"
"F3","8"
"Ptbp2","11"
"Rorc","16"
"Manba","1"
"Cisd2","9"
"Depdc1a","2"
"Cth","4"
"Lphn2","6"
"Ddah1","13"
"Ccne2","17"
"Gem","5"
"Calb1","7"
"Mmp16","3"
"Cpne3","16"
"Gbp3","5"
"Gbp2","10"
"Rragd","17"
"Epha7","11"
"Smc2","2"
"Anp32b","11"
"Brinp1","9"
"Tnc","13"
"Svep1","3"
"Ptgr1","1"
"Ptbp3","15"
"Pole3","11"
"Smu1","11"
"Dnaja1","10"
"B4galt1","5"
"Ikbkap","17"
"Epb4.1l4b","17"
"Vcp","10"
"Car9","6"
"Gba2","2"
"Npr2","5"
"Glipr2","9"
"Bnc2","11"
"Plin2","16"
"Ppap2b","5"
"Dab1","4"
"Slc35d1","6"
"Pde4b","13"
"Jak1","12"
"Eps15","6"
"Ttc39a","10"
"Usp1","2"
"Nfia","5"
"Cc2d1b","4"
"Pdpn","7"
"Orc1","4"
"Echdc2","10"
"Lrp8","2"
"Ndc1","2"
"Tmem59","15"
"Col9a2","5"
"Ctps","11"
"Edn2","8"
"Ccdc30","1"
"Ppt1","1"
"Fuca1","15"
"Pnrc2","4"
"Kif2c","2"
"Ptch2","5"
"Prdx1","10"
"Akr1a1","15"
"Nasp","11"
"Pik3r3","16"
"Pomgnt1","4"
"Mknk1","4"
"Stil","2"
"Eif4g3","11"
"Alpl","17"
"Fabp3","16"
"Sema3c","13"
"Phc2","11"
"Yars","2"
"Stmn1","11"
"Slc30a2","8"
"Ago3","12"
"Hgf","9"
"Rspo1","10"
"Cdca8","2"
"Sema3a","8"
"Rpa2","2"
"Smpdl3b","7"
"Inpp5b","17"
"Gmeb1","11"
"Epb4.1","11"
"Ptpru","2"
"Casp9","10"
"Arhgef19","8"
"Xrcc2","2"
"Prkag2","14"
"Nol9","17"
"Abcf2","11"
"Pgd","4"
"Slc4a2","6"
"Cdk5","10"
"Pex14","15"
"Slc2a5","8"
"H6pd","6"
"Draxin","9"
"Mmp23","7"
"Mxra8","3"
"Cptp","4"
"Cd38","13"
"Prom1","11"
"Acox3","1"
"Pcdh7","11"
"Fosl2","14"
"Khk","7"
"Emilin1","3"
"Dhx15","11"
"Tbc1d1","17"
"Cenpa","2"
"Tbc1d14","17"
"Apbb2","17"
"Gnpda2","6"
"Gabra4","8"
"Gabrb1","16"
"Pdgfra","3"
"Cdc7","2"
"Tgfbr3","5"
"Ibsp","4"
"Sparcl1","3"
"Klhl8","16"
"Aff1","7"
"Agpat9","16"
"Rasgef1b","15"
"Prkg2","10"
"Bmp3","12"
"Asphd2","17"
"Nos1","1"
"Rfc5","17"
"Dck","2"
"Cxcl1","5"
"G3bp2","11"
"Naaa","1"
"Kntc1","2"
"Ran","11"
"Gbas","6"
"Cct6a","11"
"Aldh2","1"
"P2rx4","7"
"Aacs","10"
"Anxa3","15"
"Golga3","4"
"Cit","2"
"Pla2g1b","7"
"Pxn","10"
"Tes","11"
"Mad1l1","1"
"Oasl2","8"
"Foxp2","13"
"Wipi2","4"
"Plbd2","6"
"Arpc1a","4"
"Ndufa4","10"
"Rasl11a","10"
"Pan3","10"
"Hsph1","11"
"Col1a2","3"
"Ezh2","11"
"Aass","10"
"Gcc1","5"
"Mcm7","11"
"Asns","1"
"Dync1i1","6"
"Cald1","14"
"Akr1b8","5"
"Plxna4","16"
"Calu","13"
"Klhdc10","17"
"Hibadh","10"
"Nt5c3","7"
"Fkbp9","1"
"Abcg2","11"
"Tmem176b","8"
"Igf2bp3","11"
"Malsu1","11"
"Npy","4"
"Zc3hav1","7"
"Svopl","4"
"Trim24","4"
"Cbx3","9"
"Ptn","3"
"Gstk1","9"
"Mad2l1","2"
"Hpgds","9"
"Rab19","7"
"Slc37a3","2"
"Anxa4","7"
"Pcyox1","16"
"Prickle2","3"
"Lrig1","5"
"Kbtbd8","17"
"Frmd4b","11"
"Foxp1","13"
"Gxylt2","1"
"Aldh1l1","16"
"Slc41a3","16"
"Nup210","17"
"Slc6a6","11"
"Sumf1","15"
"Itpr1","5"
"Bhlhe40","14"
"Usp18","7"
"A2m","1"
"Emp1","5"
"Atf7ip","1"
"Plbd1","15"
"Mgp","5"
"Rerg","12"
"Golt1b","17"
"Ldhb","10"
"Rad18","2"
"Bhlhe41","16"
"Lrmp","16"
"Bcat1","17"
"Etnk1","14"
"Ttll3","6"
"Itpr2","7"
"Sec13","11"
"Ccdc91","6"
"Tmtc1","3"
"Dennd5b","9"
"Cand2","11"
"Mbd4","2"
"Ift122","4"
"Ltbr","6"
"Cd9","5"
"Rad51ap1","2"
"Tspan9","3"
"Fkbp4","11"
"Zik1","11"
"Qpctl","10"
"Pglyrp1","1"
"Zfp273","4"
"Oca2","1"
"Siglecg","1"
"Zdhhc13","11"
"Pcsk6","7"
"Apba2","17"
"Crtc3","5"
"Blm","2"
"Sema4b","7"
"Plin1","1"
"Nr2f2","3"
"Synm","12"
"Mef2a","16"
"Ctsc","6"
"Rasgrp4","1"
"Fam98c","1"
"Psmc4","11"
"Mfge8","4"
"Hapln3","17"
"Acan","16"
"Mrps11","10"
"Sytl2","14"
"Ddias","2"
"Arl6ip1","4"
"Nucb2","1"
"Ipo5","11"
"Pde3b","2"
"Kif22","2"
"Aldoa","10"
"Nupr1","12"
"Cln3","7"
"Pgm2l1","17"
"Chrdl2","1"
"Kdm8","2"
"Zkscan2","14"
"Tgfb1i1","5"
"Rnf141","11"
"Adm","1"
"Pycard","6"
"Bcat2","10"
"Tial1","9"
"Bag3","10"
"Fgfr2","10"
"Chp2","15"
"Plk1","2"
"Tpp1","6"
"Trim30a","15"
"Oat","10"
"Lhpp","1"
"Rrm1","2"
"Bccip","11"
"Stim1","1"
"Pgap2","10"
"Mki67","2"
"Atp6ap2","1"
"Usp9x","10"
"St5","1"
"Trim66","16"
"Tub","9"
"Cdk16","1"
"Oraov1","17"
"Ano1","6"
"Cul4b","4"
"Smarca1","7"
"Elf4","8"
"Gpc4","7"
"Slc9a9","12"
"Arhgef6","5"
"Otud5","4"
"Aff2","15"
"Msn","11"
"Pbdc1","11"
"Itm2a","14"
"Sh3bgrl","13"
"Sytl4","15"
"Cenpi","2"
"Col4a6","13"
"Col4a5","13"
"Pak3","15"
"Glt28d2","1"
"Il13ra2","5"
"Gpr64","8"
"Pdha1","11"
"Il2rg","11"
"Zmym3","7"
"Flna","4"
"Abcb7","17"
"Gpm6b","12"
"Msl3","6"
"Ctps2","16"
"Ap1s2","3"
"Bgn","3"
"Atp2b3","10"
"Abcd1","16"
"Hcfc1","11"
"Fam3a","1"
"Dkc1","11"
"Zcchc18","2"
"Prps1","17"
"Rnf128","1"
"Gas6","5"
"Rasa3","1"
"Eif4ebp1","15"
"Rab20","5"
"Ankrd10","11"
"Gpm6a","13"
"Aga","7"
"Eri1","2"
"Plat","11"
"Agpat6","11"
"Sfrp1","3"
"Slit2","3"
"Fgfr1","9"
"Rwdd4a","11"
"Star","8"
"Kcnu1","5"
"Rbpms","11"
"Pcm1","9"
"Pdgfrl","3"
"Cnot7","13"
"Msmo1","9"
"Hpgd","12"
"Tmem184c","11"
"Isx","16"
"Sorbs2","6"
"N4bp1","11"
"Cbln1","13"
"Sall1","2"
"Cdh11","3"
"Orc6","11"
"Gab1","8"
"Ap1g1","17"
"Irx3","16"
"Mmp2","3"
"Cenpn","2"
"Mt2","6"
"Mt1","7"
"Coq9","10"
"Gpr56","7"
"Mmp15","10"
"Tmem38a","5"
"Usb1","6"
"Tpm4","9"
"Slc27a1","7"
"Map1lc3b","8"
"Gins2","11"
"Gse1","11"
"Crispld2","11"
"Klhl36","6"
"Taf1c","6"
"Hsd17b2","6"
"BC021891","9"
"Mau2","14"
"Ces2g","5"
"Hsd11b2","17"
"Ctrl","1"
"Vps4a","15"
"Cep57","17"
"Kars","11"
"Wdr59","15"
"Aars","17"
"Bmper","11"
"Adamts8","1"
"Aplp2","1"
"Trpc6","12"
"Ubash3b","15"
"St3gal4","12"
"Acat1","8"
"Rdx","11"
"Ppp2r1b","17"
"Cryab","14"
"Dixdc1","1"
"Cadm1","3"
"Apoa4","15"
"Apoa1","15"
"Tagln","9"
"Mpzl2","8"
"Chek1","2"
"Slc37a2","16"
"Ilf3","11"
"Bmp5","11"
"Tmod2","9"
"Smarca4","11"
"Polr2m","11"
"Rab27a","1"
"Ccnb2","2"
"Myo1e","15"
"Mns1","17"
"Fam81a","15"
"Tcf12","10"
"Anxa2","8"
"Cgnl1","6"
"Ice2","4"
"Fem1b","17"
"Kif23","2"
"Sh3bgrl2","17"
"Acsbg1","7"
"Thsd4","9"
"Crabp1","9"
"Nr2e3","16"
"Ireb2","11"
"Pkm","4"
"Fam219b","17"
"Cyp11a1","1"
"Col12a1","5"
"Neo1","10"
"Gsta4","13"
"Elovl5","17"
"Gclc","17"
"Ctsh","10"
"Tpm1","3"
"Plscr1","17"
"Plscr2","13"
"Plod2","3"
"Dapk2","5"
"Igdcc3","17"
"Me1","7"
"Tbx18","9"
"Snx14","1"
"Syncrip","9"
"Stt3b","1"
"Nmnat3","16"
"Mras","12"
"Cdc25a","11"
"Smarcc1","11"
"Scap","15"
"Amotl2","11"
"Abhd5","13"
"Cish","6"
"Rbm5","1"
"Traip","2"
"Bsn","1"
"Apeh","10"
"Prkar2a","11"
"Qars","4"
"Nicn1","8"
"Usp4","4"
"Thsd7a","13"
"Chsy1","9"
"Pygm","5"
"Colgalt2","5"
"Exd2","13"
"Ablim3","1"
"Heyl","17"
"Gtf3c1","4"
"Troap","2"
"Lama1","7"
"Srxn1","1"
"Slc10a3","15"
"Igdcc4","1"
"Ank2","12"
"Pwp2","9"
"Abcc10","4"
"Psmf1","9"
"Arhgef17","7"
"Rims3","2"
"Fbxo21","10"
"Lrig2","10"
"Nup93","11"
"Inha","15"
"Mycbp2","8"
"C330027C09Rik","2"
"Pygb","16"
"Lmo7","10"
"Gas7","5"
"Tbc1d4","1"
"Cdc14b","4"
"Slc35d2","10"
"Phldb2","9"
"Ttf2","2"
"Wnt6","1"
"Arid2","11"
"Ttll4","11"
"Slc35a4","11"
"Wdr3","2"
"Ptprf","10"
"Lpp","3"
"Fem1c","13"
"Tnxb","5"
"Dnm2","4"
"Chst2","17"
"Rtp4","15"
"Usp37","11"
"Palmd","8"
"Antxr1","3"
"BC026585","16"
"Prss35","5"
"Angptl1","12"
"Rbfox2","9"
"Myo6","12"
"Tmem35","10"
"Igf2bp2","11"
"Myo5c","15"
"Pank1","1"
"Pcgf3","2"
"Clec18a","2"
"Qsox1","16"
"Ucp2","7"
"Stard9","5"
"Smyd5","17"
"Akr1c14","12"
"Vav3","1"
"Fndc3c1","2"
"D930015E06Rik","4"
"Fam208b","11"
"Lgals3bp","5"
"Gucy1a3","5"
"Zswim5","13"
"Aspm","2"
"Zfp446","6"
"Slc16a2","5"
"Pqlc1","1"
"Fancd2","17"
"Cct2","11"
"Zfp551","6"
"Ctnnd1","10"
"Lrrc58","3"
"Ogt","16"
"Rnf43","16"
"Lsm3","2"
"Efcab14","5"
"Kif4","2"
"Trim59","2"
"Brip1","2"
"Zbed4","11"
"Smc4","2"
"Neurl1b","17"
"Dhrs11","1"
"Gulo","7"
"Six4","2"
"Edil3","17"
"Gjc1","11"
"Ice1","4"
"Slc41a2","1"
"Ppm1h","13"
"Pik3ip1","16"
"Ssh3","16"
"Ly6d","16"
"Tiparp","10"
"Lrrn1","16"
"Bmp2k","7"
"Dbn1","11"
"Fras1","9"
"Ttyh2","7"
"Cnot6l","13"
"Mast4","13"
"Pcdh11x","4"
"Tmub2","10"
"Tle6","16"
"BC030867","2"
"Zfp661","8"
"Art3","15"
"Acot11","13"
"Fam214a","16"
"Fam151a","13"
"Ncaph","2"
"Sidt2","16"
"Arl4d","16"
"Tmem106a","6"
"Lbx2","5"
"Dpp4","13"
"Ncapd3","2"
"Tanc1","13"
"Slc24a5","17"
"Neu3","16"
"Amh","15"
"Arx","5"
"G2e3","9"
"Mid1","13"
"Ror1","11"
"Sec31a","10"
"Nfkbiz","14"
"Pdzrn3","9"
"Parpbp","2"
"Crb2","11"
"Kank4","5"
"Fignl1","2"
"Tnni3","15"
"Tab3","13"
"Tgfbi","14"
"Capn5","5"
"Aldh1b1","1"
"Pcdh17","13"
"Frmpd1","1"
"Grhpr","10"
"Zcchc7","7"
"Melk","2"
"Rnf38","9"
"Hmha1","2"
"Supt16","11"
"Krt20","16"
"Acta2","3"
"Lysmd3","9"
"Syt1","3"
"Cerk","1"
"Rnase1","7"
"Chst4","1"
"Ttc38","1"
"Tmem55b","11"
"Dock4","1"
"Apex1","11"
"Prtg","2"
"Fmnl2","1"
"Zranb3","2"
"Arl5a","9"
"Myrf","13"
"Colec12","1"
"Mbnl3","16"
"Prickle1","3"
"Pphln1","11"
"Ankmy2","6"
"Gxylt1","11"
"Arhgap36","17"
"BC027231","17"
"Ska1","2"
"Lrrk2","5"
"Lrrn3","9"
"Slc2a13","9"
"Lzts1","16"
"Qsox2","15"
"Csgalnact1","16"
"Rmdn2","1"
"Cdh8","13"
"Greb1","12"
"Cnot1","1"
"Upf3b","6"
"Fgf1","14"
"Alx1","9"
"Etl4","14"
"Mgat4b","15"
"Dennd3","10"
"Aaas","2"
"Tmem184a","15"
"Zcchc12","13"
"Tubb4b","2"
"Kif15","2"
"Decr2","10"
"Anln","2"
"Klhl13","16"
"Plch1","2"
"Hspb6","16"
"Wnt4","1"
"Dna2","17"
"Acaa2","1"
"Rap2b","12"
"Unc93b1","5"
"Ss18","17"
"Frem2","13"
"Inhbb","15"
"Rbmxl1","11"
"Trmt12","4"
"Tmprss13","1"
"Aff3","1"
"Mgarp","15"
"Grhl3","1"
"Pacrg","4"
"Islr","3"
"Spry1","9"
"Clic4","11"
"Hgsnat","7"
"Rsrp1","8"
"Tacc3","2"
"Tap1","7"
"Slc9a7","15"
"Paqr7","16"
"Actr1b","17"
"Kdm6a","10"
"Rims2","15"
"Nmur2","1"
"Best1","1"
"Vnn1","7"
"Fbxo27","1"
"Dtl","2"
"Cib2","16"
"Mavs","10"
"Atg14","10"
"Shank2","10"
"Dlgap5","2"
"Vash2","9"
"Wdhd1","2"
"Tob1","10"
"Nr0b2","16"
"Nme1","11"
"Lphn3","8"
"Osbpl5","15"
"Rgs22","1"
"Slc25a43","5"
"Gpr160","1"
"Cdkn1c","4"
"Cd81","5"
"Fam13a","15"
"Ckap2","2"
"Xkr8","1"
"Ppp1r16b","15"
"Smim14","7"
"Ppm1k","10"
"Iars","11"
"Cpe","7"
"Egr2","6"
"Pcdh18","8"
"H2afz","9"
"Ddx60","12"
"Inpp4b","14"
"Igsf9","2"
"Arap2","7"
"Ccdc138","2"
"Fam120a","6"
"Dennd4c","5"
"Gcc2","1"
"Ptpdc1","9"
"Nod1","14"
"Smim3","13"
"Rnf144b","7"
"Cntln","16"
"Ccdc50","11"
"Stox2","9"
"Notch3","9"
"Ormdl3","10"
"Spon1","3"
"Leprel1","3"
"Pde4dip","1"
"Tapbpl","10"
"Bend3","9"
"Hoxa9","11"
"Fam198a","5"
"F11r","10"
"Hoxa7","11"
"Mical2","14"
"Sobp","7"
"Usp38","17"
"Ncapd2","2"
"Hoxa5","9"
"Iffo1","1"
"Wdr36","17"
"Spats2l","5"
"Tsr1","17"
"Fbxo25","10"
"Pcp4l1","8"
"Ttk","2"
"Txnip","5"
"Egr1","5"
"Dennd2a","13"
"Olfml2b","8"
"Tfdp1","17"
"Sv2a","17"
"Jarid2","4"
"C1s1","17"
"Car14","2"
"Rgs4","13"
"Cbfa2t2","4"
"Cul7","16"
"Susd4","13"
"Akap12","3"
"Ensa","11"
"Creb3l2","13"
"Lpar1","3"
"Scube3","11"
"Trps1","8"
"Dsel","1"
"Pbx3","11"
"Akap2","3"
"Mboat1","2"
"Angptl6","15"
"Alpk3","15"
"Ctnnal1","10"
"Itpkb","5"
"Zfhx3","9"
"Man2a2","8"
"Prc1","2"
"Tspyl5","10"
"Cpq","7"
"Siglecf","1"
"Arhgap18","14"
"Eme1","2"
"Anpep","16"
"Echdc3","16"
"Rreb1","10"
"Nrn1","7"
"Cdc123","11"
"Fam102a","4"
"AW209491","10"
"Tbc1d25","1"
"Metrnl","12"
"Gpatch2","1"
"Suv39h1","11"
"Stx11","1"
"Tgfb2","3"
"Fndc3b","12"
"BC017643","1"
"Cdk5rap2","17"
"Atp6v0e2","15"
"C130074G19Rik","15"
"Exosc2","17"
"Cdh6","9"
"Neil3","3"
"Prss23","17"
"Tmem135","10"
"Zdhhc2","9"
"Tnrc18","1"
"Cntn5","8"
"Nup133","2"
"Mmd2","12"
"Ncam1","3"
"Ajap1","14"
"Rbms3","3"
"Usp53","10"
"Ldb2","14"
"Bahcc1","17"
"Htatip2","16"
"Exo1","2"
"Alkbh4","4"
"Cc2d2a","15"
"Ypel5","10"
"Cercam","7"
"Xkr5","2"
"Arhgap29","16"
"Slc44a3","15"
"Gpr37","1"
"Cited2","10"
"Spsb1","15"
"Dag1","15"
"Mrap","7"
"Mettl20","10"
"Hip1","2"
"Fam60a","11"
"Magi2","16"
"Ginm1","7"
"Rab11fip2","1"
"Negr1","9"
"Rbms2","4"
"Bub1b","2"
"Klhl42","5"
"Cacna2d1","17"
"Maob","16"
"Thbs1","12"
"Ankrd6","13"
"Ccdc114","1"
"Emp3","5"
"Ccbl2","10"
"Gbp7","7"
"Sema3d","14"
"Gbp5","1"
"Plekha1","13"
"Cdk6","5"
"Ddx58","5"
"Trim7","16"
"Bcor","4"
"Cacng5","5"
"Wdr47","6"
"Cdh18","9"
"Pitpnc1","13"
"Zbtb38","14"
"Gyltl1b","15"
"Sgms1","15"
"Cdh12","10"
"Mybbp1a","11"
"Blvrb","5"
"Xaf1","5"
"Chrm4","1"
"Igsf23","1"
"Abhd11","16"
"Adam22","13"
"Pitpnm3","1"
"Tex2","6"
"Ckap5","2"
"Wbscr27","16"
"Gstm2","7"
"Apoc1","10"
"Slc26a7","12"
"Pogk","9"
"Bace2","16"
"Phc1","17"
"Hmgn1","11"
"Limd2","11"
"Sh3pxd2b","9"
"Creg1","7"
"Siah1b","2"
"Plekhh2","4"
"Slc19a2","6"
"Rfx3","11"
"Rcc2","17"
"Cables1","15"
"Sh3kbp1","17"
"Abhd4","8"
"Trim62","1"
"Wdr43","17"
"Pif1","17"
"Grid1","9"
"H2afv","11"
"N4bp2l1","15"
"Smc1a","11"
"Brca2","17"
"Pla2g5","7"
"Arhgap11a","2"
"Arhgap12","10"
"Phf8","16"
"Chd7","11"
"Tox","13"
"Ak7","16"
"Inhba","12"
"Pcf11","1"
"Atp1b2","7"
"Wrap53","17"
"Mdfic","15"
"Mettl18","6"
"Wapal","6"
"Pik3r1","14"
"Ccnb1","2"
"Gk5","1"
"Tardbp","11"
"Smpx","16"
"Serpina3g","6"
"Piezo2","9"
"Cep78","2"
"Kif14","2"
"Serpina3a","7"
"Sox5","5"
"Fmod","13"
"Prelp","5"
"Ccdc64","6"
"Kctd12b","5"
"Kif21b","9"
"Klf8","16"
"Slc39a11","1"
"Rims1","2"
"Rasl12","16"
"Ubr7","11"
"Kirrel","13"
"Tspo","16"
"Pde3a","3"
"Gpr155","5"
"Enc1","13"
"Abca9","12"
"Ptpre","15"
"Fhdc1","15"
"Card6","14"
"Mcm3","11"
"Ipo9","11"
"Shisa4","9"
"Git2","11"
"Gpr45","9"
"Pkp2","1"
"S100a10","8"
"Spidr","4"
"Ncapg2","2"
"Abhd14b","16"
"Kank3","16"
"Inpp5f","4"
"Ssh1","9"
"Rassf4","17"
"Klhl23","1"
"Pnliprp1","1"
"Tmc7","9"
"Pm20d1","1"
"Isl1","9"
"Gm5617","10"
"Snx18","15"
"Fam83g","1"
"Agps","9"
"Adora1","16"
"Mfap4","3"
"Clspn","2"
"D330045A20Rik","2"
"Cpa6","13"
"Usp22","14"
"Dmtf1","11"
"Klhl14","11"
"Thsd7b","8"
"Hirip3","2"
"Asb4","11"
"Arrdc4","8"
"Wdr55","17"
"Mapk6","11"
"Obfc1","11"
"Gm15800","13"
"Id1","11"
"Nmnat2","16"
"Tmem108","11"
"Fgf11","14"
"Nrep","3"
"Serpinb6b","1"
"Greb1l","5"
"Nhlrc3","14"
"Rasef","1"
"Gng2","13"
"Synpo","12"
"Zfp866","8"
"Tuba1c","10"
"Upf2","10"
"Exoc3l","10"
"Fam13c","5"
"Pcdhb19","8"
"Gprasp1","16"
"Tril","3"
"Lgals2","6"
"Adamts3","9"
"Npsr1","6"
"Dpy19l3","4"
"Kcns3","17"
"Col6a6","5"
"Dmrta1","7"
"Nup62","17"
"S1pr2","9"
"Trp53bp1","11"
"Ncmap","1"
"Klhl15","12"
"Naalad2","12"
"Emx2","10"
"Als2cl","16"
"Fmn1","9"
"Fam19a2","9"
"S100a1","16"
"Foxo1","12"
"Gpr146","15"
"Cdc25c","2"
"Cnr1","6"
"Ackr3","9"
"Cxxc4","9"
"Shisa2","1"
"Zbtb7c","8"
"Zfp612","10"
"Ccnjl","1"
"Gemin7","6"
"Serpinb1a","5"
"Abca6","5"
"Hjurp","2"
"Zfp36","6"
"Sstr3","1"
"Zfp367","2"
"Klhl31","13"
"Kctd21","8"
"Wdr72","16"
"Tst","10"
"Zc2hc1c","1"
"S1pr1","16"
"Magi1","10"
"Asxl3","13"
"Hs6st1","1"
"Kcng4","16"
"Cenph","2"
"Gpr20","1"
"Dcaf12l1","16"
"Cenpe","2"
"Zfp423","9"
"Hnrnph2","11"
"Trrap","10"
"Pou3f3","17"
"Mettl24","1"
"Mc2r","13"
"Sh3tc2","10"
"Pid1","3"
"Smtnl2","17"
"Tcf21","3"
"Mms22l","9"
"B230219D22Rik","11"
"Zfp36l2","1"
"Wnk1","8"
"Pnlip","1"
"Tmem229b","6"
"Gldn","15"
"E2f8","2"
"Hepacam","6"
"Zfp62","9"
"Jrk","6"
"Rbp1","3"
"Ngfrap1","11"
"Hnrnpa1","11"
"C77370","5"
"Ar","12"
"Spin2c","15"
"Lyrm4","10"
"Ticrr","2"
"Mtfr1l","10"
"Hmga1","11"
"Foxc2","2"
"Bst2","7"
"Gprc5a","16"
"Fat4","5"
"Gchfr","16"
"Ddit4l","7"
"Vat1l","9"
"Irgm1","5"
"Nqo2","10"
"Tshz1","14"
"Zfp41","2"
"Cd24a","9"
"Chst9","7"
"Ccdc36","6"
"Mc4r","1"
"B3gnt1","17"
"Tgif1","15"
"Ctdspl","6"
"Zbtb44","14"
"Gphn","4"
"Adamts12","3"
"Mis18bp1","2"
"Ubiad1","13"
"Utf1","1"
"Hs3st3a1","8"
"Phf13","17"
"Sned1","14"
"Cdca4","2"
"Diras2","13"
"Bex4","15"
"Marcksl1","11"
"Stbd1","5"
"Prrg1","9"
"Arxes2","15"
"Ldlrad3","17"
"Tenm4","12"
"Kmt2d","5"
"Mcmbp","9"
"Gpr85","9"
"Bcl11b","8"
"Syngr2","10"
"Sacs","10"
"Frmd6","16"
"Ckap2l","2"
"Lhfp","3"
"Omd","17"
"F2r","9"
"Socs4","9"
"Osr1","3"
"Fam171b","15"
"Gli2","3"
"Ccdc57","16"
"Msx1","1"
"Mlec","2"
"Igf2","11"
"Rhno1","11"
"Foxo3","6"
"Rimkla","1"
"Efna5","9"
"Cdca2","2"
"Nr1h5","9"
"Elfn1","1"
"Ndnf","9"
"Clec4a1","1"
"Bmyc","1"
"Oxtr","2"
"Agtr1a","16"
"Fut4","13"
"Zfp2","4"
"Tenm2","13"
"Zg16","15"
"Krt8","10"
"Chchd10","7"
"Upk1b","13"
"Pls1","2"
"Dtx3l","5"
"Sall2","17"
"Adamts16","16"
"Tmie","7"
"Aftph","15"
"Zfp672","10"
"Tmsb4x","8"
"Rasd1","12"
"Lrrc4","16"
"Shisa3","11"
"Apol10b","6"
"Tmx2","10"
"Tdrp","7"
"Bex1","11"
"Lgr4","1"
"Pigm","9"
"Heatr1","9"
"Fzd2","9"
"Foxc1","11"
"Hoxd10","14"
"Snx21","6"
"Foxl2","5"
"Ppp1r3g","10"
"Lypd6","16"
"Fam118b","4"
"Pcdh20","1"
"Zfp61","9"
"Gpd1l","1"
"Defb19","15"
"Arhgap42","7"
"Vamp8","10"
"Ptges","15"
"Pgbd5","7"
"Slc29a4","2"
"Zfp623","17"
"Sgms2","15"
"Gja1","15"
"Lin28a","17"
"Hs3st1","16"
"Olfml1","9"
"Gprc5c","4"
"P4ha3","11"
"Mb21d2","17"
"Cited1","15"
"Ercc6l","2"
"Bzw1","11"
"Gen1","2"
"Pcdh19","2"
"Nup160","9"
"Rab11fip5","1"
"Kif18b","2"
"Flrt3","11"
"Hspa14","2"
"Crebzf","13"
"Irf2bp2","16"
"Arhgef39","2"
"Senp8","17"
"BC068281","17"
"Kctd14","7"
"Cox6b2","1"
"Sox12","11"
"Mest","11"
"Tbc1d22a","4"
"Spats2","11"
"Klf13","17"
"Gnpda1","16"
"D630039A03Rik","16"
"Sema5b","16"
"Cdc42se2","4"
"Slc39a1","5"
"Mogat2","13"
"Tmem171","1"
"Nav2","16"
"Robo2","3"
"Pbx1","3"
"St6galnac3","14"
"Cpne8","1"
"Zfp112","1"
"Zmat1","6"
"Rap1b","10"
"Jun","14"
"BC004004","6"
"Zfp608","9"
"Map1b","13"
"Swt1","1"
"Repin1","15"
"Nup107","2"
"Sae1","11"
"Reep1","16"
"Nrk","9"
"Lamb2","14"
"Cyp2j6","9"
"Prkg1","13"
"Ctif","13"
"Cyp2f2","16"
"Sv2b","5"
"Jam2","15"
"Rnf26","11"
"Aldh1a1","7"
"Pom121","11"
"Adamts18","9"
"Mapk14","17"
"Adamts19","5"
"Kdm3a","10"
"Lgals7","16"
"Ier2","6"
"Tanc2","15"
"Nudcd3","17"
"Sh2d4a","10"
"Ech1","1"
"Shisa6","16"
"Ndst1","9"
"Ercc6","9"
"Skida1","2"
"Skp2","17"
"Spock3","13"
"Lifr","9"
"Cpa1","1"
"Vsnl1","16"
"Adam12","3"
"Pla2r1","6"
"Cggbp1","13"
"Emcn","14"
"Adam10","10"
"Hmgb2","2"
"Vmac","16"
"Phactr1","13"
"Set","17"
"Dsp","17"
"Klhl5","16"
"Kcnmb4","9"
"Gabrg3","16"
"Sugct","6"
"C1ra","5"
"Zfp811","8"
"Pld5","16"
"Ntrk2","9"
"Pgbd1","4"
"Pcdh9","14"
"Nap1l5","15"
"Maf","14"
"Zfp458","8"
"Cpsf6","11"
"Zfp459","7"
"Cdca7","11"
"Gpc3","13"
"Ghr","14"
"Myh8","6"
"Abcd2","15"
"Mta3","10"
"Rnf181","15"
"Zfp277","1"
"Aasdh","6"
"Zkscan5","17"
"A430033K04Rik","6"
"Clca1","14"
"Grik2","9"
"Eif3b","11"
"St3gal5","15"
"Gm9990","9"
"B4galt6","2"
"Pgpep1","6"
"Pla2g4a","8"
"Lig1","2"
"Slit3","9"
"Pign","6"
"Rlim","1"
"Retsat","6"
"Hmga2","13"
"Tsnax","9"
"Ttc26","17"
"Gulp1","3"
"Acbd4","1"
"Nxf3","1"
"Ero1lb","16"
"Ebf1","3"
"Npm1","11"
"Ado","9"
"Whsc1","2"
"Phex","12"
"Ece1","7"
"Lgals8","5"
"Mex3b","9"
"Mab21l2","9"
"Abat","10"
"Camk2b","13"
"Cacnb2","5"
"Sept11","3"
"Gstm1","7"
"Adamts17","6"
"Zfp846","8"
"Cryzl1","10"
"Espl1","2"
"Abce1","17"
"Rrp1b","11"
"Map2k5","6"
"Rpl5","11"
"Gpc6","13"
"Tmod3","9"
"Kcnt1","1"
"Zfp958","10"
"Thra","5"
"Nap1l1","11"
"Col25a1","13"
"C1qtnf3","17"
"Eno1b","4"
"Frem1","3"
"Ntrk3","3"
"Pde1a","16"
"Skap2","11"
"Hnrnpm","11"
"Zc3h4","11"
"Nrsn2","13"
"Mamld1","5"
"Hadhb","10"
"Nhs","14"
"Tor4a","8"
"Calcrl","5"
"Syn3","14"
"Sohlh1","1"
"Zfp422","11"
"Unc5c","3"
"Ntm","9"
"Prmt7","11"
"Atp8b4","16"
"Serpinb6a","7"
"Pcnxl2","6"
"Pyroxd2","16"
"Casc4","6"
"Pwwp2b","5"
"Zfp937","6"
"Chst8","12"
"Zfp868","6"
"Rnf14","11"
"Zfp266","11"
"Tnfrsf19","16"
"Ifitm2","5"
"Layn","7"
"Eno3","2"
"Marf1","16"
"Rxfp3","2"
"Tsga10","5"
"B2m","7"
"Ctnna3","1"
"Kcnd2","10"
"Tdrd5","12"
"Mkx","12"
"Gm10093","11"
"Zfp143","2"
"Lsamp","9"
"Mmgt1","9"
"Ddhd2","6"
"Cxcl12","9"
"Phf5a","11"
"Krt79","15"
"Hipk2","2"
"Stx17","16"
"Hist1h4d","2"
"Cep128","2"
"C1qtnf7","5"
"Pclo","13"
"Mdc1","2"
"Cd2ap","10"
"Cyp2d22","6"
"Akr1b10","16"
"Myl1","1"
"Ssbp3","11"
"Btbd3","17"
"Tnfaip8","3"
"Rapgef2","1"
"Opcml","9"
"Trank1","5"
"Nsl1","2"
"Gm10118","1"
"Tubb4a","11"
"Ncs1","17"
"Zfp677","10"
"Phactr2","12"
"Acadm","10"
"Atp11c","11"
"Cped1","5"
"Nrg1","3"
"Lrrc40","11"
"Ctnna2","12"
"Ldha","4"
"Grm4","6"
"Parp10","7"
"Zfp35","17"
"Stk24","10"
"Nmral1","11"
"Lppr1","9"
"Syne2","15"
"D630045J12Rik","11"
"Eno1","4"
"Unc5d","13"
"Sox11","9"
"Lin28b","2"
"Cdc42ep5","7"
"Gpx1","10"
"Ptcd3","11"
"Gm7964","4"
"Klk1","1"
"Nr6a1","6"
"Mro","7"
"Fbln2","11"
"Med14","1"
"Rhox8","7"
"Rab3ip","17"
"Ifi27","7"
"Cntn4","7"
"Aox3","6"
"Ifitm7","16"
"Dhrs3","1"
"Adamtsl1","3"
"Nrxn3","3"
"Hmgb1","11"
"Zfp772","6"
"Hmcn1","5"
"Gm10184","2"
"Vsig10","5"
"Bub3","17"
"Nipal1","12"
"Capn6","13"
"Bmpr2","5"
"Trmt2b","10"
"Zfp563","1"
"Cbln4","1"
"S1pr3","9"
"Myl9","1"
"Arfgef1","10"
"Tcp1","11"
"Agtr2","5"
"Lgals1","5"
"Ap5s1","1"
"Shroom4","8"
"Aard","15"
"Zfp467","8"
"Mgam","13"
"Actc1","9"
"Efcab1","4"
"Clec16a","17"
"Flnc","13"
"Psrc1","2"
"Sort1","13"
"Ptprz1","14"
"Gstm6","7"
"Selenbp1","10"
"Cgn","16"
"Syt11","9"
"Zbtb34","17"
"Gpr98","13"
"Nr2f1","11"
"Hist1h2ae","2"
"Ctxn3","10"
"Epc2","11"
"Pex11g","16"
"Marcks","3"
"Tmem100","3"
"Fam57a","17"
"Ahnak","5"
"Sat2","16"
"Irgm2","5"
"Spdl1","2"
"Fam196b","16"
"Scn2b","8"
"Mpzl3","1"
"Rnf213","10"
"Ccnd1","2"
"Hs3st3b1","10"
"Art5","11"
"Peg12","11"
"Wfdc10","15"
"Mn1","3"
"Etnk2","1"
"Cntnap5a","1"
"Rbm47","10"
"Cited4","16"
"Trabd2b","17"
"Rasgrp3","2"
"Ptges3","17"
"Gm46","16"
"Cecr2","17"
"Tbpl1","11"
"Map3k5","15"
"Hpcal1","7"
"Cpa2","1"
"Uqcc3","1"
"Ubxn1","10"
"Hnrnpul2","4"
"Polr2g","10"
"Snx29","6"
"Zcchc16","16"
"Sms","17"
"Mcc","13"
"Ccnf","2"
"Tuba1a","9"
"Adam1a","13"
"Mansc4","14"
"Cep170b","10"
"Sod3","12"
"Nup62cl","4"
"Gprasp2","7"
"Armcx5","15"
"Oip5","2"
"Gm10471","12"
"Arhgdig","16"
"Marc2","7"
"Crygb","6"
"Nbeal1","6"
"Sh3d21","16"
"Fam196a","14"
"Ggh","7"
"Rbm15b","11"
"Ces1h","1"
"Adh1","17"
"Zfp568","11"
"Spint2","10"
"Peak1","16"
"Ccdc61","1"
"Spc24","2"
"Mex3a","9"
"Fat3","9"
"Wfdc6a","5"
"Tox2","15"
"Mafb","9"
"Cpne1","17"
"Tspyl3","8"
"Zcchc3","11"
"Thbd","5"
"Plxnc1","12"
"Gas2l3","9"
"Fibin","3"
"Qser1","9"
"Heg1","5"
"Ttc30b","1"
"Fign","2"
"Rprm","11"
"Gm11744","16"
"Slitrk1","1"
"Nrbp2","15"
"Psme2b","10"
"Gm3550","2"
"Foxd1","9"
"Ctdsp2","13"
"Raet1d","11"
"C030017K20Rik","17"
"Emc1","15"
"E430018J23Rik","6"
"Vps25","11"
"Haus5","2"
"Rad54b","9"
"Eif5a","11"
"Igtp","5"
"Atp6ap1l","16"
"Hsbp1l1","1"
"Ifi27l2a","7"
"Slc45a4","7"
"Col22a1","8"
"Alkbh1","11"
"Prnp","3"
"D130040H23Rik","8"
"Cyp4v3","5"
"Pms2","11"
"Mphosph8","10"
"Trim71","2"
"Ackr4","10"
"Arpc4","6"
"Col4a3","5"
"Pigb","10"
"Nhsl2","9"
"Hoxa3","9"
"Clec2l","10"
"Seh1l","9"
"Ctsf","1"
"Gm14226","17"
"E030010N08Rik","8"
"Wipf3","1"
"Mia","6"
"Tgfbr3l","7"
"Tmem102","1"
"Gm8113","8"
"Palm2Akap2","3"
"Acad11","10"
"Pcp4","2"
"Gypc","17"
"Zfp712","17"
"Zfp493","4"
"Pabpc4l","3"
"Synj2bp","17"
"Gm20390","11"
"Col6a5","5"
"Gm6665","7"
"Peg10","11"
"Bend4","17"
"Kcnb2","7"
"Gm20489","11"
"Gm20547","8"
"Gm21970","1"
"D430019H16Rik","9"
"Pou3f2","2"
"Gm21983","10"
"Noc2l","2"
"Vkorc1","5"
"Psmb9","15"
"Zfp850","2"
"C1rb","5"
"Gm28635","10"
"SCHIP1","10"
"DST","1"
"AC123072.1","1"
